episodes,recall,false_alerts_per_year,reviews_per_year,year,model,threshold_validation,target_validation_reviews_per_year,validation_reviews_per_year,reconstruction_mse_test,tail_threshold_train,auc_pr_daily_secondary,auc_roc_daily_secondary
4,0.5,15.936758893280633,17.92885375494071,2000,ae_adaptativo_anual,1.2183459997177124,20.0,17.0,1.5008021593093872,-0.08112971582878048,0.19157710468353847,0.4325993555316864
4,0.75,15.936758893280633,18.92490118577075,2000,ae_congelado,0.9489440321922302,20.0,17.0,1.2252250909805298,-0.08112971582878048,0.1829888042859845,0.40995345506623704
4,0.75,16.932806324110672,19.92094861660079,2000,ewma_094,0.024938576500141342,20.0,15.0,,-0.08112971582878048,0.2722618593590828,0.4844253490870032
5,0.6,9.805447470817121,12.747081712062258,2001,ae_adaptativo_anual,1.0697333216667175,20.0,16.0,1.3697445392608643,-0.10829445178000548,0.07019763842026677,0.4061895551257254
5,0.6,8.82490272373541,11.766536964980546,2001,ae_congelado,1.1914057731628418,20.0,17.0,1.485849380493164,-0.10829445178000548,0.0703007077286415,0.4085106382978723
5,0.4,9.805447470817121,11.766536964980546,2001,ewma_094,0.026761494656643542,20.0,16.0,,-0.10829445178000548,0.07607327542355141,0.45764023210831717
4,0.5,9.882352941176471,11.858823529411765,2002,ae_adaptativo_anual,0.7947694361209869,20.0,15.0,0.6871404647827148,-0.11347929515968591,0.3532881922201441,0.6555102040816326
4,0.5,9.882352941176471,11.858823529411765,2002,ae_congelado,0.9645876586437225,20.0,17.0,0.8359730243682861,-0.11347929515968591,0.35525906251371087,0.6808163265306122
4,0.5,10.870588235294118,12.847058823529412,2002,ewma_094,0.02383838671823732,20.0,14.0,,-0.11347929515968591,0.24920612777740977,0.5942857142857142
4,0.25,9.767441860465118,10.74418604651163,2003,ae_adaptativo_anual,0.5478351712226868,20.0,14.0,0.5637789964675903,-0.11268183472404986,0.05220673941056862,0.25130315500685874
4,0.5,12.697674418604652,14.651162790697676,2003,ae_congelado,0.7750169336795807,20.0,15.0,0.8332577347755432,-0.11268183472404986,0.04927371650054832,0.24362139917695472
4,0.5,12.697674418604652,14.651162790697676,2003,ewma_094,0.02140397853694636,20.0,15.0,,-0.11268183472404986,0.0818421409918104,0.28916323731138543
4,1.0,17.379310344827584,21.241379310344826,2004,ae_adaptativo_anual,0.5040810406208038,20.0,16.0,0.6480626463890076,-0.09784036259052797,0.06852807969960856,0.4545643153526971
4,1.0,17.379310344827584,21.241379310344826,2004,ae_congelado,0.6986341178417206,20.0,17.0,0.9047710299491882,-0.09784036259052797,0.05704777773788746,0.3429460580912863
4,0.75,18.344827586206893,21.241379310344826,2004,ewma_094,0.020587575949795562,20.0,17.0,,-0.09784036259052797,0.06295529598271196,0.40560165975103735
3,1.0,12.747081712062258,15.688715953307394,2005,ae_adaptativo_anual,0.6144978106021881,20.0,18.0,0.580798327922821,-0.10080959600439802,0.020472844385887864,0.541501976284585
3,1.0,10.785992217898833,13.72762645914397,2005,ae_congelado,0.7943871319293976,20.0,19.0,0.758320152759552,-0.10080959600439802,0.024085107638924533,0.599802371541502
3,0.6666666666666666,9.805447470817121,11.766536964980546,2005,ewma_094,0.021248984902528037,20.0,19.0,,-0.10080959600439802,0.031922665845956086,0.6709486166007905
4,0.25,14.823529411764707,15.811764705882354,2006,ae_adaptativo_anual,0.5616978406906128,20.0,17.0,0.5615594387054443,-0.0837093507195648,0.08457356559117028,0.35505035093072934
4,0.25,8.894117647058824,9.882352941176471,2006,ae_congelado,0.7041125893592834,20.0,16.0,0.6556896567344666,-0.0837093507195648,0.08852072421278454,0.38571864510222764
4,0.0,14.823529411764707,14.823529411764707,2006,ewma_094,0.019838539976385215,20.0,18.0,,-0.0837093507195648,0.08244113378882928,0.3033262129996948
2,0.0,7.056,7.056,2007,ae_adaptativo_anual,0.6589803099632263,20.0,18.0,0.5213061571121216,-0.07973840618381312,0.021529157123313186,0.27336860670194
2,0.5,9.072,10.08,2007,ae_congelado,0.6187367141246796,20.0,18.0,0.5062640309333801,-0.07973840618381312,0.0256420012632129,0.34097589653145205
2,0.0,9.072,9.072,2007,ewma_094,0.019029216261944995,20.0,17.0,,-0.07973840618381312,0.025664127533323873,0.3057025279247501
4,1.0,0.0,24.90118577075099,2008,ae_adaptativo_anual,0.5522993206977844,20.0,17.0,1.5986872911453247,-0.07720050642537046,0.5441723148649997,0.8094505494505495
4,1.0,0.0,24.90118577075099,2008,ae_congelado,0.5010597705841064,20.0,20.0,1.4179425239562988,-0.07720050642537046,0.5367885625426422,0.8134065934065933
4,1.0,0.0,24.90118577075099,2008,ewma_094,0.017242319711900073,20.0,17.0,,-0.07720050642537046,0.5540348821324759,0.8169230769230769
5,0.4,18.0,20.0,2009,ae_adaptativo_anual,1.1123905181884766,20.0,14.0,2.464089870452881,-0.0937899529189663,0.06229480612723576,0.4447779111644658
5,0.4,18.0,20.0,2009,ae_congelado,0.8351047933101654,20.0,14.0,2.009326457977295,-0.0937899529189663,0.09888518057163848,0.41806722689075626
5,0.6,17.0,20.0,2009,ewma_094,0.022347342248304577,20.0,16.0,,-0.0937899529189663,0.13642633953499855,0.5333133253301321
3,0.0,2.0,2.0,2010,ae_adaptativo_anual,1.3548725247383118,20.0,16.0,0.6788665652275085,-0.08782164838564625,0.09989526519115244,0.5897233201581028
3,0.0,2.0,2.0,2010,ae_congelado,1.1027912497520447,20.0,17.0,0.5724149346351624,-0.08782164838564625,0.09683959138202397,0.5743083003952569
3,0.0,1.0,1.0,2010,ewma_094,0.025506209031338774,20.0,17.0,,-0.08782164838564625,0.11629349896898203,0.633201581027668
4,0.75,10.161290322580646,13.20967741935484,2011,ae_adaptativo_anual,0.40736445784568787,20.0,16.0,0.39289242029190063,-0.09627059267956284,0.12140635502406642,0.6483547925608011
4,0.75,11.17741935483871,14.225806451612904,2011,ae_congelado,0.5535856187343597,20.0,16.0,0.5084571838378906,-0.09627059267956284,0.08821119177314861,0.5722460658082975
4,0.75,10.161290322580646,13.20967741935484,2011,ewma_094,0.017974020710264382,20.0,15.0,,-0.09627059267956284,0.05337658534313819,0.44577968526466377
1,0.0,5.0602409638554215,5.0602409638554215,2012,ae_adaptativo_anual,0.39116449654102325,20.0,16.0,0.2726319432258606,-0.09393369041473054,0.03162702244470314,0.43270365997638727
1,0.0,6.072289156626506,6.072289156626506,2012,ae_congelado,0.49810948967933655,20.0,16.0,0.36012521386146545,-0.09393369041473054,0.03035629822975458,0.47992916174734357
1,0.0,5.0602409638554215,5.0602409638554215,2012,ewma_094,0.017233055030996834,20.0,16.0,,-0.09393369041473054,0.034044049189214026,0.4899645808736718
1,0.0,5.0,5.0,2013,ae_adaptativo_anual,0.23881959170103073,20.0,16.0,0.16276976466178894,-0.09422059149852444,0.008809257185516985,0.344
1,0.0,5.0,5.0,2013,ae_congelado,0.3045608252286911,20.0,17.0,0.2064560353755951,-0.09422059149852444,0.007332944832944834,0.194
1,0.0,5.0,5.0,2013,ewma_094,0.01363087398080439,20.0,17.0,,-0.09422059149852444,0.007213058920838808,0.192
3,0.3333333333333333,4.960629921259843,5.952755905511811,2014,ae_adaptativo_anual,0.19716301560401917,20.0,17.0,0.21569177508354187,-0.06602092801669475,0.8475691341335675,0.9106858054226474
3,0.3333333333333333,5.952755905511811,6.94488188976378,2014,ae_congelado,0.19353608787059784,20.0,17.0,0.20482966303825378,-0.06602092801669475,0.8084927750465978,0.9007974481658693
3,0.3333333333333333,6.94488188976378,7.937007874015748,2014,ewma_094,0.010586121807262474,20.0,14.0,,-0.06602092801669475,0.8109296868040876,0.9076023391812865
8,1.0,17.788235294117648,25.694117647058825,2015,ae_adaptativo_anual,0.27595068514347076,20.0,18.0,2.2930095195770264,-0.06627660256064676,0.23984108839699178,0.43246963562753027
8,1.0,17.788235294117648,25.694117647058825,2015,ae_congelado,0.1301165595650673,20.0,16.0,1.0694183111190796,-0.06627660256064676,0.2740173037727371,0.42785425101214575
8,1.0,17.788235294117648,25.694117647058825,2015,ewma_094,0.008604753201291171,20.0,17.0,,-0.06627660256064676,0.2078196370406556,0.4051012145748988
7,0.8571428571428571,15.811764705882354,21.741176470588236,2016,ae_adaptativo_anual,2.6792198419570923,20.0,17.0,3.9069931507110596,-0.07746199006376608,0.0707976271673032,0.3036521739130435
7,0.8571428571428571,15.811764705882354,21.741176470588236,2016,ae_congelado,0.9348023235797882,20.0,17.0,1.3939127922058105,-0.07746199006376608,0.0710730177867028,0.3088695652173913
7,0.8571428571428571,15.811764705882354,21.741176470588236,2016,ewma_094,0.023951611748245796,20.0,16.0,,-0.07746199006376608,0.07067144465179971,0.31530434782608696
3,0.0,0.984375,0.984375,2017,ae_adaptativo_anual,2.194499135017395,20.0,15.0,0.9903601408004761,-0.08217514908833436,0.08615606136103851,0.5699152542372881
3,0.0,0.984375,0.984375,2017,ae_congelado,1.1703882813453674,20.0,16.0,0.5003587603569031,-0.08217514908833436,0.08952946957634689,0.5906779661016949
3,0.0,0.0,0.0,2017,ewma_094,0.026698414224065357,20.0,15.0,,-0.08217514908833436,0.07738779062960177,0.5008474576271187
5,0.6,11.0,14.0,2018,ae_adaptativo_anual,0.5359181463718414,20.0,15.0,0.643738329410553,-0.08587592233619507,0.1833801902798594,0.4791310072416063
5,0.6,12.0,15.0,2018,ae_congelado,0.42408330738544464,20.0,16.0,0.5203753113746643,-0.08587592233619507,0.2056962409582816,0.501909150757077
5,0.6,11.0,14.0,2018,ewma_094,0.016576558751777888,20.0,16.0,,-0.08587592233619507,0.25250555646322564,0.5015141540487162
3,1.0,16.669260700389106,19.610894941634243,2019,ae_adaptativo_anual,0.503057062625885,20.0,15.0,0.8757104873657227,-0.09711742967537051,0.27072144729463365,0.5969696969696969
3,1.0,16.669260700389106,19.610894941634243,2019,ae_congelado,0.46352630853652954,20.0,14.0,0.7992703318595886,-0.09711742967537051,0.20657322198423317,0.6192837465564738
3,1.0,17.64980544747082,20.591439688715955,2019,ewma_094,0.016706725965826646,20.0,14.0,,-0.09711742967537051,0.2699989944470843,0.562809917355372
5,0.6,16.8,19.764705882352942,2020,ae_adaptativo_anual,0.6757929027080536,20.0,14.0,8.944517135620117,-0.0935511482532588,0.18518322368815887,0.44827586206896547
5,0.6,17.788235294117648,20.75294117647059,2020,ae_congelado,0.6450237929821014,20.0,14.0,8.89907455444336,-0.0935511482532588,0.18817427007122267,0.45414929897688516
5,0.8,18.776470588235295,22.729411764705883,2020,ewma_094,0.020320207403842706,20.0,15.0,,-0.0935511482532588,0.18037154956590712,0.41000378931413417
3,0.0,5.976284584980237,5.976284584980237,2021,ae_adaptativo_anual,1.2240341305732727,20.0,15.0,0.7637428045272827,-0.09440163060056186,0.031122301496578512,0.22337482710926695
3,0.0,5.976284584980237,5.976284584980237,2021,ae_congelado,1.158210575580597,20.0,15.0,0.7154369950294495,-0.09440163060056186,0.03163940171404929,0.22095435684647302
3,0.0,3.984189723320158,3.984189723320158,2021,ewma_094,0.02778903362669824,20.0,14.0,,-0.09440163060056186,0.03513583843315477,0.3205394190871369
8,1.0,18.0,26.0,2022,ae_adaptativo_anual,0.18086300790309906,20.0,16.0,0.49394428730010986,-0.09174533537717995,0.13595781256724793,0.5044642857142857
8,1.0,18.0,26.0,2022,ae_congelado,0.5310973227024078,20.0,18.0,1.502259612083435,-0.09174533537717995,0.12374985879871421,0.4934630102040816
8,1.0,17.0,25.0,2022,ewma_094,0.019355541893769233,20.0,15.0,,-0.09174533537717995,0.18710262959250448,0.5365114795918368
5,0.2,2.00796812749004,3.0119521912350598,2023,ae_adaptativo_anual,0.42005957663059235,20.0,15.0,0.2562672793865204,-0.09922938703470736,0.05339174986790163,0.44906570223025916
5,0.2,2.00796812749004,3.0119521912350598,2023,ae_congelado,1.260155975818634,20.0,15.0,0.7754295468330383,-0.09922938703470736,0.06283123692622573,0.5018083182640144
5,0.4,1.00398406374502,3.0119521912350598,2023,ewma_094,0.02752874632080351,20.0,14.0,,-0.09922938703470736,0.05793063940036818,0.4776974080771549
3,0.0,4.960629921259843,4.960629921259843,2024,ae_adaptativo_anual,0.24758869409561157,20.0,15.0,0.14663492143154144,-0.09359438489311431,0.029032510723341443,0.538978494623656
3,0.3333333333333333,4.960629921259843,5.952755905511811,2024,ae_congelado,0.7566995620727539,20.0,16.0,0.48327842354774475,-0.09359438489311431,0.029529301654970103,0.5577956989247312
3,0.0,3.968503937007874,3.968503937007874,2024,ewma_094,0.021828422778403567,20.0,15.0,,-0.09359438489311431,0.026883433863922,0.48857526881720437
5,0.6,12.948616600790514,15.936758893280633,2025,ae_adaptativo_anual,0.14229552447795868,20.0,15.0,0.18807320296764374,-0.08852667961677536,0.11315110032109155,0.567296786389414
5,0.8,14.940711462450594,18.92490118577075,2025,ae_congelado,0.43632663786411285,20.0,15.0,0.6199005246162415,-0.08852667961677536,0.11111972973279186,0.5497164461247637
5,0.8,12.948616600790514,16.932806324110672,2025,ewma_094,0.016239145015252254,20.0,16.0,,-0.08852667961677536,0.1465108840019358,0.5417769376181474
