year,best_valid_mse,epochs,n_fit_windows,n_validation_windows,refit_start,refit_end
2000,1.3797836303710938,80,972,252,1995-01-04,1999-12-30
2001,1.101228952407837,80,973,252,1996-01-02,2000-12-29
2002,1.2039235830307007,78,976,252,1997-01-02,2001-12-31
2003,0.5657026171684265,47,983,252,1998-01-02,2002-12-31
2004,0.5987194776535034,80,988,252,1999-01-04,2003-12-31
2005,0.682013750076294,80,1000,252,2000-01-04,2004-12-31
2006,0.6271960735321045,80,1003,252,2001-01-03,2005-12-30
2007,0.702256441116333,73,1002,252,2002-01-02,2006-12-29
2008,0.5589246153831482,80,997,252,2003-01-02,2007-12-31
2009,1.8611980676651,80,992,252,2004-01-02,2008-12-31
2010,2.390669584274292,80,983,252,2005-01-04,2009-12-31
2011,0.4301742613315582,61,978,252,2006-01-03,2010-12-31
2012,0.39159321784973145,57,970,252,2007-01-03,2011-12-30
2013,0.2722623646259308,67,970,252,2008-01-02,2012-12-31
2014,0.2156040370464325,49,969,252,2009-01-02,2013-12-31
2015,0.42571428418159485,43,971,252,2010-01-04,2014-12-31
2016,3.0884358882904053,80,973,252,2011-01-04,2015-12-31
2017,2.669802665710449,80,981,252,2012-01-03,2016-12-30
2018,0.6183049082756042,61,988,252,2013-01-02,2017-12-29
2019,0.5526169538497925,80,988,252,2014-01-02,2018-12-28
2020,0.7961107492446899,80,991,252,2015-01-02,2019-12-31
2021,9.478626251220703,80,991,252,2016-01-04,2020-12-31
2022,0.2386784702539444,80,989,252,2017-01-03,2021-12-31
2023,0.4875636696815491,80,984,252,2018-01-03,2022-12-30
2024,0.23361828923225403,80,984,252,2019-01-02,2023-12-29
2025,0.14693060517311096,80,981,252,2020-01-02,2024-12-31
