seed,quality,model,cost,reserve,tail95,max_deficit,shortfall_rate
71,dirty,fhs_ewma,1764.0947281488193,130000.0,117454.7633858259,36456.30037711244,0.014925373134328358
71,dirty,xgb_fhs,1769.0402386913445,128731.34328358209,117454.7633858259,36456.30037711244,0.014925373134328358
71,dq,fhs_ewma,1771.2612763601435,129850.74626865672,117454.7633858259,36456.30037711244,0.014925373134328358
71,dq,xgb_fhs,1769.1883078692645,128805.97014925373,117454.7633858259,36456.30037711244,0.014925373134328358
71,reference,fhs_ewma,1771.2612763601435,129850.74626865672,117454.7633858259,36456.30037711244,0.014925373134328358
71,reference,xgb_fhs,1772.3273744411667,128507.46268656716,117454.7633858259,36456.30037711244,0.014925373134328358
123,dirty,fhs_ewma,1781.5668911433702,129402.98507462686,112261.37598719835,36456.30037711244,0.014925373134328358
123,dirty,xgb_fhs,1782.4849200464737,127985.07462686567,112261.37598719835,36456.30037711244,0.014925373134328358
123,dq,fhs_ewma,1774.400342932046,129552.23880597015,117454.7633858259,36456.30037711244,0.014925373134328358
123,dq,xgb_fhs,1773.6599970424463,129179.10447761194,117454.7633858259,36456.30037711244,0.014925373134328358
123,reference,fhs_ewma,1771.2612763601435,129850.74626865672,117454.7633858259,36456.30037711244,0.014925373134328358
123,reference,xgb_fhs,1772.3273744411667,128507.46268656716,117454.7633858259,36456.30037711244,0.014925373134328358
2026,dirty,fhs_ewma,1770.9651380043038,129701.49253731343,117454.7633858259,36456.30037711244,0.014925373134328358
2026,dirty,xgb_fhs,1772.179305263247,128432.83582089552,117454.7633858259,36456.30037711244,0.014925373134328358
2026,dq,fhs_ewma,1771.4093455380637,129925.37313432836,117454.7633858259,36456.30037711244,0.014925373134328358
2026,dq,xgb_fhs,1772.4754436190867,128582.0895522388,117454.7633858259,36456.30037711244,0.014925373134328358
2026,reference,fhs_ewma,1771.2612763601435,129850.74626865672,117454.7633858259,36456.30037711244,0.014925373134328358
2026,reference,xgb_fhs,1772.3273744411667,128507.46268656716,117454.7633858259,36456.30037711244,0.014925373134328358
