year,distribution,hp,hf,reserve,objective,second_gap,different_hedge_gap,best_alternative_hedge
2024,historical,1.0,0.0,60000.0,1130.8138813205428,1.710511622735794,559.0833899068518,"[0.75, 0.0]"
2024,vertex_0,1.0,0.0,70000.0,1138.888888888889,7.2632826092537925,29.249295515320227,"[0.75, 0.0]"
2024,vertex_1,1.0,0.0,50000.0,1111.4959270948223,1.5540559951937212,56.24293062132665,"[0.75, 0.0]"
2024,vertex_2,1.0,0.0,50000.0,1111.4959270948223,1.5540559951937212,56.24293062132665,"[0.75, 0.0]"
2024,vertex_3,1.0,0.0,50000.0,1111.4959270948223,1.5540559951937212,56.24293062132665,"[0.75, 0.0]"
2024,vertex_4,1.0,0.0,50000.0,1111.4959270948223,1.5540559951937212,75013.78702611686,"[0.75, 0.25]"
2024,vertex_5,1.0,0.0,50000.0,1111.4959270948223,1.5540559951937212,56.24293062132665,"[0.75, 0.0]"
2025,historical,1.0,0.0,60000.0,1129.5105574765428,2.619929516721868,488.1440334813133,"[0.75, 0.0]"
2025,vertex_0,1.0,0.0,50000.0,1110.1346366932305,0.2830288902189295,39.52183099308809,"[0.75, 0.0]"
2025,vertex_1,1.0,0.0,70000.0,1138.888888888889,4.659490583976776,11.157758533857987,"[0.75, 0.0]"
2025,vertex_2,1.0,0.0,50000.0,1110.1346366932305,0.2830288902189295,39.52183099308809,"[0.75, 0.0]"
2025,vertex_3,1.0,0.0,50000.0,1110.1346366932305,0.2830288902189295,39.52183099308809,"[0.75, 0.0]"
2025,vertex_4,1.0,0.0,50000.0,1110.1346366932305,0.2830288902189295,39.52183099308809,"[0.75, 0.0]"
2025,vertex_5,1.0,0.0,60000.0,1121.1402067334038,8.460493839852234,65651.29151718592,"[0.75, 0.25]"
2026,historical,1.0,0.0,60000.0,1128.4596946649042,3.321179541478614,430.9460224939685,"[0.75, 0.0]"
2026,vertex_0,0.75,0.0,130000.0,1135.773576644653,1.9809763259545434,3.115312244235838,"[1.0, 0.0]"
2026,vertex_1,1.0,0.0,45000.0,1108.295242527345,0.741793239255685,25.265863269306692,"[0.75, 0.0]"
2026,vertex_2,1.0,0.0,60000.0,1120.9300341710762,8.607145564122902,65639.91214034818,"[0.75, 0.25]"
2026,vertex_3,1.0,0.0,45000.0,1108.295242527345,0.741793239255685,25.265863269306692,"[0.75, 0.0]"
2026,vertex_4,1.0,0.0,45000.0,1108.295242527345,0.741793239255685,25.265863269306692,"[0.75, 0.0]"
2026,vertex_5,1.0,0.0,45000.0,1108.295242527345,0.741793239255685,25.265863269306692,"[0.75, 0.0]"
