date,quality,model,logloss,brier
2024-01-02,dirty,fhs_ewma,1.0044306497803108,0.531039043402767
2024-01-16,dirty,fhs_ewma,1.0044306497803108,0.531039043402767
2024-01-30,dirty,fhs_ewma,1.0044306497803108,0.531039043402767
2024-02-13,dirty,fhs_ewma,1.0044306497803108,0.531039043402767
2024-02-27,dirty,fhs_ewma,1.0044306497803108,0.531039043402767
2024-03-12,dirty,fhs_ewma,1.0044306497803108,0.531039043402767
2024-03-26,dirty,fhs_ewma,1.0044306497803108,0.531039043402767
2024-04-11,dirty,fhs_ewma,1.4098957578884752,0.7752077778940822
2024-04-25,dirty,fhs_ewma,1.4098957578884752,0.7752077778940822
2024-05-13,dirty,fhs_ewma,1.4098957578884752,0.7752077778940822
2024-05-28,dirty,fhs_ewma,1.7561719946063088,0.9181358175963155
2024-06-11,dirty,fhs_ewma,1.0044306497803108,0.531039043402767
2024-06-25,dirty,fhs_ewma,1.6119223857617622,0.864537802707978
2024-07-09,dirty,fhs_ewma,1.4098957578884752,0.7752077778940822
2024-07-23,dirty,fhs_ewma,1.4098957578884752,0.7752077778940822
2024-08-06,dirty,fhs_ewma,1.6119223857617622,0.864537802707978
2024-08-20,dirty,fhs_ewma,1.4098957578884752,0.7752077778940822
2024-09-04,dirty,fhs_ewma,1.0044306497803108,0.531039043402767
2024-09-18,dirty,fhs_ewma,1.0044306497803108,0.531039043402767
2024-10-02,dirty,fhs_ewma,1.7561719946063088,0.9181358175963155
2024-10-16,dirty,fhs_ewma,1.0044306497803108,0.531039043402767
2024-10-30,dirty,fhs_ewma,1.7561719946063088,0.9181358175963155
2024-11-13,dirty,fhs_ewma,1.0044306497803108,0.531039043402767
2024-11-27,dirty,fhs_ewma,1.0044306497803108,0.531039043402767
2024-12-11,dirty,fhs_ewma,1.0044306497803108,0.531039043402767
2024-12-27,dirty,fhs_ewma,1.7561719946063088,0.9181358175963155
2024-01-02,dirty,xgb_fhs,1.0645758195881199,0.5680843220198839
2024-01-16,dirty,xgb_fhs,1.0738124784152379,0.5755419925749351
2024-01-30,dirty,xgb_fhs,0.943110980625702,0.49482799814257394
2024-02-13,dirty,xgb_fhs,0.9541291054093463,0.5007258315323753
2024-02-27,dirty,xgb_fhs,0.8139321484103887,0.4104380283403279
2024-03-12,dirty,xgb_fhs,0.8668323306525775,0.4481070584326362
2024-03-26,dirty,xgb_fhs,0.8863672811335129,0.4605526424030973
2024-04-11,dirty,xgb_fhs,1.4310155772604531,0.803478439236893
2024-04-25,dirty,xgb_fhs,1.3676648825017292,0.7610397482054561
2024-05-13,dirty,xgb_fhs,1.3663754554748997,0.7738627565927211
2024-05-28,dirty,xgb_fhs,1.828086939486856,0.9592928369532115
2024-06-11,dirty,xgb_fhs,1.063094380430366,0.570651664035805
2024-06-25,dirty,xgb_fhs,1.626087062336739,0.8814432464789602
2024-07-09,dirty,xgb_fhs,1.4760145259573694,0.8269004624474278
2024-07-23,dirty,xgb_fhs,1.40992206848803,0.7925517626842795
2024-08-06,dirty,xgb_fhs,1.6601251900294667,0.8944188740269053
2024-08-20,dirty,xgb_fhs,1.3976545423332591,0.7786876736625279
2024-09-04,dirty,xgb_fhs,0.9535198540351962,0.5039347798373898
2024-09-18,dirty,xgb_fhs,0.8126233131937143,0.4122973178425862
2024-10-02,dirty,xgb_fhs,1.6886878565188888,0.8870048854158903
2024-10-16,dirty,xgb_fhs,0.8342258899782393,0.42174433698664077
2024-10-30,dirty,xgb_fhs,1.9131877232388919,0.9935897203776025
2024-11-13,dirty,xgb_fhs,1.1213732515286385,0.6005889568086741
2024-11-27,dirty,xgb_fhs,1.085862291734913,0.5827198094464461
2024-12-11,dirty,xgb_fhs,0.9867254505478943,0.5208413008374357
2024-12-27,dirty,xgb_fhs,1.8196072495408924,0.9522147052861987
2024-01-02,dq,fhs_ewma,1.0044306497803108,0.531039043402767
2024-01-16,dq,fhs_ewma,1.0044306497803108,0.531039043402767
2024-01-30,dq,fhs_ewma,1.0044306497803108,0.531039043402767
2024-02-13,dq,fhs_ewma,1.0044306497803108,0.531039043402767
2024-02-27,dq,fhs_ewma,1.0044306497803108,0.531039043402767
2024-03-12,dq,fhs_ewma,1.0044306497803108,0.531039043402767
2024-03-26,dq,fhs_ewma,1.0044306497803108,0.531039043402767
2024-04-11,dq,fhs_ewma,1.4098957578884752,0.7752077778940822
2024-04-25,dq,fhs_ewma,1.4098957578884752,0.7752077778940822
2024-05-13,dq,fhs_ewma,1.4098957578884752,0.7752077778940822
2024-05-28,dq,fhs_ewma,1.7561719946063088,0.9181358175963155
2024-06-11,dq,fhs_ewma,1.0044306497803108,0.531039043402767
2024-06-25,dq,fhs_ewma,1.6119223857617622,0.864537802707978
2024-07-09,dq,fhs_ewma,1.4098957578884752,0.7752077778940822
2024-07-23,dq,fhs_ewma,1.4098957578884752,0.7752077778940822
2024-08-06,dq,fhs_ewma,1.6119223857617622,0.864537802707978
2024-08-20,dq,fhs_ewma,1.4098957578884752,0.7752077778940822
2024-09-04,dq,fhs_ewma,1.0044306497803108,0.531039043402767
2024-09-18,dq,fhs_ewma,1.0044306497803108,0.531039043402767
2024-10-02,dq,fhs_ewma,1.7561719946063088,0.9181358175963155
2024-10-16,dq,fhs_ewma,1.0044306497803108,0.531039043402767
2024-10-30,dq,fhs_ewma,1.7561719946063088,0.9181358175963155
2024-11-13,dq,fhs_ewma,1.0044306497803108,0.531039043402767
2024-11-27,dq,fhs_ewma,1.0044306497803108,0.531039043402767
2024-12-11,dq,fhs_ewma,1.0044306497803108,0.531039043402767
2024-12-27,dq,fhs_ewma,1.7561719946063088,0.9181358175963155
2024-01-02,dq,xgb_fhs,1.2092416682464249,0.6695290692168179
2024-01-16,dq,xgb_fhs,1.0734619276882464,0.5769785163409867
2024-01-30,dq,xgb_fhs,0.8757057564119436,0.4533158314551455
2024-02-13,dq,xgb_fhs,0.9616603717077246,0.5057008411830108
2024-02-27,dq,xgb_fhs,0.7462189792177729,0.36737572960575454
2024-03-12,dq,xgb_fhs,0.8594312721046901,0.4476269291899344
2024-03-26,dq,xgb_fhs,0.8011188346629672,0.406246657622024
2024-04-11,dq,xgb_fhs,1.4001014525315434,0.8087679474453392
2024-04-25,dq,xgb_fhs,1.2931544813990787,0.7228075851069152
2024-05-13,dq,xgb_fhs,1.4107020885239692,0.823986065821703
2024-05-28,dq,xgb_fhs,1.9919435480486123,1.0305061439834857
2024-06-11,dq,xgb_fhs,1.0958074797784663,0.5963154183799132
2024-06-25,dq,xgb_fhs,1.649753183028519,0.897007554210354
2024-07-09,dq,xgb_fhs,1.449216358674242,0.8205894533580785
2024-07-23,dq,xgb_fhs,1.5027006021598002,0.8509156967685839
2024-08-06,dq,xgb_fhs,1.70498054804125,0.9084934020010947
2024-08-20,dq,xgb_fhs,1.3584040978628087,0.757317794072287
2024-09-04,dq,xgb_fhs,0.8825357269118282,0.465403044327986
2024-09-18,dq,xgb_fhs,0.7037290348946004,0.33994293714088514
2024-10-02,dq,xgb_fhs,1.8281377483847268,0.9415617821022936
2024-10-16,dq,xgb_fhs,0.7236979228834973,0.34877029271401855
2024-10-30,dq,xgb_fhs,1.9102842750547095,1.015621103341507
2024-11-13,dq,xgb_fhs,1.115494256705576,0.6006248325035405
2024-11-27,dq,xgb_fhs,1.1053798832871902,0.5966909020927507
2024-12-11,dq,xgb_fhs,0.8333716037564253,0.42283418671510026
2024-12-27,dq,xgb_fhs,1.7821342724742673,0.9397724938574507
2024-01-02,reference,fhs_ewma,1.0044306497803108,0.531039043402767
2024-01-16,reference,fhs_ewma,1.0044306497803108,0.531039043402767
2024-01-30,reference,fhs_ewma,1.0044306497803108,0.531039043402767
2024-02-13,reference,fhs_ewma,1.0044306497803108,0.531039043402767
2024-02-27,reference,fhs_ewma,1.0044306497803108,0.531039043402767
2024-03-12,reference,fhs_ewma,1.0044306497803108,0.531039043402767
2024-03-26,reference,fhs_ewma,1.0044306497803108,0.531039043402767
2024-04-11,reference,fhs_ewma,1.4098957578884752,0.7752077778940822
2024-04-25,reference,fhs_ewma,1.4098957578884752,0.7752077778940822
2024-05-13,reference,fhs_ewma,1.4098957578884752,0.7752077778940822
2024-05-28,reference,fhs_ewma,1.7561719946063088,0.9181358175963155
2024-06-11,reference,fhs_ewma,1.0044306497803108,0.531039043402767
2024-06-25,reference,fhs_ewma,1.6119223857617622,0.864537802707978
2024-07-09,reference,fhs_ewma,1.4098957578884752,0.7752077778940822
2024-07-23,reference,fhs_ewma,1.4098957578884752,0.7752077778940822
2024-08-06,reference,fhs_ewma,1.6119223857617622,0.864537802707978
2024-08-20,reference,fhs_ewma,1.4098957578884752,0.7752077778940822
2024-09-04,reference,fhs_ewma,1.0044306497803108,0.531039043402767
2024-09-18,reference,fhs_ewma,1.0044306497803108,0.531039043402767
2024-10-02,reference,fhs_ewma,1.7561719946063088,0.9181358175963155
2024-10-16,reference,fhs_ewma,1.0044306497803108,0.531039043402767
2024-10-30,reference,fhs_ewma,1.7561719946063088,0.9181358175963155
2024-11-13,reference,fhs_ewma,1.0044306497803108,0.531039043402767
2024-11-27,reference,fhs_ewma,1.0044306497803108,0.531039043402767
2024-12-11,reference,fhs_ewma,1.0044306497803108,0.531039043402767
2024-12-27,reference,fhs_ewma,1.7561719946063088,0.9181358175963155
2024-01-02,reference,xgb_fhs,1.0276137699744372,0.5443680163669836
2024-01-16,reference,xgb_fhs,1.04181903827051,0.554922796740333
2024-01-30,reference,xgb_fhs,0.9528248047832034,0.49929808461787334
2024-02-13,reference,xgb_fhs,1.0043069605408057,0.5307297530549133
2024-02-27,reference,xgb_fhs,0.8843828409643258,0.4555911990426898
2024-03-12,reference,xgb_fhs,0.9124164078958498,0.4777157798335424
2024-03-26,reference,xgb_fhs,0.9195840783320189,0.4817207072750804
2024-04-11,reference,xgb_fhs,1.4166984045400148,0.7984460021445606
2024-04-25,reference,xgb_fhs,1.3434917198633543,0.7419874258261492
2024-05-13,reference,xgb_fhs,1.379172690138031,0.7751602248433701
2024-05-28,reference,xgb_fhs,1.8138755827267579,0.9473230825186774
2024-06-11,reference,xgb_fhs,1.0421557108908024,0.5572365158293417
2024-06-25,reference,xgb_fhs,1.595183994332874,0.8598676987667577
2024-07-09,reference,xgb_fhs,1.378595421254668,0.7663084149146057
2024-07-23,reference,xgb_fhs,1.4518598631262916,0.8103056322785945
2024-08-06,reference,xgb_fhs,1.6418613144282128,0.8779420609276781
2024-08-20,reference,xgb_fhs,1.3689258645772933,0.7561861989676129
2024-09-04,reference,xgb_fhs,0.9879411603774947,0.5260227455405191
2024-09-18,reference,xgb_fhs,0.8766643848357759,0.45289691227160783
2024-10-02,reference,xgb_fhs,1.7295409207056383,0.9075582529473363
2024-10-16,reference,xgb_fhs,0.8669730270008537,0.4432246071581344
2024-10-30,reference,xgb_fhs,1.8541751306541678,0.9728570904313565
2024-11-13,reference,xgb_fhs,1.1090687049558823,0.5945757077514374
2024-11-27,reference,xgb_fhs,1.0612199105284865,0.5662688731053284
2024-12-11,reference,xgb_fhs,0.9295254315906057,0.48525439232409906
2024-12-27,reference,xgb_fhs,1.7544804833686007,0.9210255954627069
2025-01-13,dirty,fhs_ewma,1.6054740226370012,0.860463087243094
2025-01-27,dirty,fhs_ewma,1.7071782270917168,0.8992980386994046
2025-02-10,dirty,fhs_ewma,1.6054740226370012,0.860463087243094
2025-02-24,dirty,fhs_ewma,1.6054740226370012,0.860463087243094
2025-03-10,dirty,fhs_ewma,1.0128152409108817,0.5356616750630409
2025-03-24,dirty,fhs_ewma,1.4342023020296315,0.7854410219297665
2025-04-07,dirty,fhs_ewma,1.6054740226370012,0.860463087243094
2025-04-23,dirty,fhs_ewma,1.7071782270917168,0.8992980386994046
2025-05-09,dirty,fhs_ewma,1.0128152409108817,0.5356616750630409
2025-05-23,dirty,fhs_ewma,1.0128152409108817,0.5356616750630409
2025-06-09,dirty,fhs_ewma,1.0128152409108817,0.5356616750630409
2025-06-23,dirty,fhs_ewma,1.6054740226370012,0.860463087243094
2025-07-07,dirty,fhs_ewma,1.0128152409108817,0.5356616750630409
2025-07-21,dirty,fhs_ewma,1.4342023020296315,0.7854410219297665
2025-08-04,dirty,fhs_ewma,1.4342023020296315,0.7854410219297665
2025-08-18,dirty,fhs_ewma,1.0128152409108817,0.5356616750630409
2025-09-02,dirty,fhs_ewma,1.6054740226370012,0.860463087243094
2025-09-16,dirty,fhs_ewma,1.0128152409108817,0.5356616750630409
2025-09-30,dirty,fhs_ewma,1.7071782270917168,0.8992980386994046
2025-10-14,dirty,fhs_ewma,1.0128152409108817,0.5356616750630409
2025-10-28,dirty,fhs_ewma,1.0128152409108817,0.5356616750630409
2025-11-11,dirty,fhs_ewma,1.0128152409108817,0.5356616750630409
2025-11-25,dirty,fhs_ewma,1.4342023020296315,0.7854410219297665
2025-12-09,dirty,fhs_ewma,1.6054740226370012,0.860463087243094
2025-12-23,dirty,fhs_ewma,1.7071782270917168,0.8992980386994046
2025-01-13,dirty,xgb_fhs,1.592368346366979,0.8555335334184002
2025-01-27,dirty,xgb_fhs,1.739883568749441,0.9179500940005709
2025-02-10,dirty,xgb_fhs,1.650622856879656,0.8798373538332942
2025-02-24,dirty,xgb_fhs,1.628321231041846,0.876082630099599
2025-03-10,dirty,xgb_fhs,0.9681115401288386,0.5085134294931185
2025-03-24,dirty,xgb_fhs,1.4648685088969038,0.8042941940196577
2025-04-07,dirty,xgb_fhs,1.5654197018557499,0.8390471701865674
2025-04-23,dirty,xgb_fhs,1.6957166254585538,0.8927906161367792
2025-05-09,dirty,xgb_fhs,1.071601200655356,0.5706514291832402
2025-05-23,dirty,xgb_fhs,1.0510820599550974,0.5586629899417057
2025-06-09,dirty,xgb_fhs,1.0583749439779835,0.5635931270895158
2025-06-23,dirty,xgb_fhs,1.6170493842147444,0.8600125925428576
2025-07-07,dirty,xgb_fhs,1.0525987351671178,0.5588247287155431
2025-07-21,dirty,xgb_fhs,1.4599230613593415,0.792666763046962
2025-08-04,dirty,xgb_fhs,1.3672862871204423,0.747716613880398
2025-08-18,dirty,xgb_fhs,1.0498666952013815,0.5577955003173335
2025-09-02,dirty,xgb_fhs,1.6051562011840055,0.8599788495469622
2025-09-16,dirty,xgb_fhs,0.9801708169624145,0.5156023441000872
2025-09-30,dirty,xgb_fhs,1.719591954949472,0.9006962133017763
2025-10-14,dirty,xgb_fhs,0.9329066902734907,0.48630884366665966
2025-10-28,dirty,xgb_fhs,0.9355651000854208,0.48874148587125593
2025-11-11,dirty,xgb_fhs,0.9579677445774307,0.5036389757848265
2025-11-25,dirty,xgb_fhs,1.457999633246639,0.8060075124963374
2025-12-09,dirty,xgb_fhs,1.7371687507206361,0.9241126010739186
2025-12-23,dirty,xgb_fhs,1.7317084886901373,0.9248935258172902
2025-01-13,dq,fhs_ewma,1.6054740226370012,0.860463087243094
2025-01-27,dq,fhs_ewma,1.7071782270917168,0.8992980386994046
2025-02-10,dq,fhs_ewma,1.6054740226370012,0.860463087243094
2025-02-24,dq,fhs_ewma,1.6054740226370012,0.860463087243094
2025-03-10,dq,fhs_ewma,1.0128152409108817,0.5356616750630409
2025-03-24,dq,fhs_ewma,1.4342023020296315,0.7854410219297665
2025-04-07,dq,fhs_ewma,1.6054740226370012,0.860463087243094
2025-04-23,dq,fhs_ewma,1.7071782270917168,0.8992980386994046
2025-05-09,dq,fhs_ewma,1.0128152409108817,0.5356616750630409
2025-05-23,dq,fhs_ewma,1.0128152409108817,0.5356616750630409
2025-06-09,dq,fhs_ewma,1.0128152409108817,0.5356616750630409
2025-06-23,dq,fhs_ewma,1.6054740226370012,0.860463087243094
2025-07-07,dq,fhs_ewma,1.0128152409108817,0.5356616750630409
2025-07-21,dq,fhs_ewma,1.4342023020296315,0.7854410219297665
2025-08-04,dq,fhs_ewma,1.4342023020296315,0.7854410219297665
2025-08-18,dq,fhs_ewma,1.0128152409108817,0.5356616750630409
2025-09-02,dq,fhs_ewma,1.6054740226370012,0.860463087243094
2025-09-16,dq,fhs_ewma,1.0128152409108817,0.5356616750630409
2025-09-30,dq,fhs_ewma,1.7071782270917168,0.8992980386994046
2025-10-14,dq,fhs_ewma,1.0128152409108817,0.5356616750630409
2025-10-28,dq,fhs_ewma,1.0128152409108817,0.5356616750630409
2025-11-11,dq,fhs_ewma,1.0128152409108817,0.5356616750630409
2025-11-25,dq,fhs_ewma,1.4342023020296315,0.7854410219297665
2025-12-09,dq,fhs_ewma,1.6054740226370012,0.860463087243094
2025-12-23,dq,fhs_ewma,1.7071782270917168,0.8992980386994046
2025-01-13,dq,xgb_fhs,1.6764579376538842,0.8897337768777276
2025-01-27,dq,xgb_fhs,1.7367331961867858,0.9167560025183469
2025-02-10,dq,xgb_fhs,1.6225100619342274,0.8719732040383803
2025-02-24,dq,xgb_fhs,1.7384244943233078,0.9211748118107999
2025-03-10,dq,xgb_fhs,0.9496663545389226,0.49755101135618895
2025-03-24,dq,xgb_fhs,1.523312004659741,0.83618206235502
2025-04-07,dq,xgb_fhs,1.655143695571417,0.874211901297645
2025-04-23,dq,xgb_fhs,1.6760184092755304,0.8864050750437614
2025-05-09,dq,xgb_fhs,1.0857748323898766,0.5789747104715152
2025-05-23,dq,xgb_fhs,1.0674184346609186,0.5697990864704694
2025-06-09,dq,xgb_fhs,1.0257159866173589,0.5421156956344789
2025-06-23,dq,xgb_fhs,1.6653960951021631,0.878230367899923
2025-07-07,dq,xgb_fhs,1.0451771616330923,0.5538500296827356
2025-07-21,dq,xgb_fhs,1.4396451571928957,0.7852067004476159
2025-08-04,dq,xgb_fhs,1.3294205130414896,0.7272931738051719
2025-08-18,dq,xgb_fhs,1.093612910718777,0.5837609897003898
2025-09-02,dq,xgb_fhs,1.6749373116702384,0.8879067932725678
2025-09-16,dq,xgb_fhs,1.0143070708349882,0.5377403832798403
2025-09-30,dq,xgb_fhs,1.6491749363118133,0.8748679692136878
2025-10-14,dq,xgb_fhs,0.8674452695308189,0.44504119670801146
2025-10-28,dq,xgb_fhs,0.8734478631122615,0.44942728985590674
2025-11-11,dq,xgb_fhs,0.8929253009994522,0.46198299041115193
2025-11-25,dq,xgb_fhs,1.5006374305842316,0.8346157627873912
2025-12-09,dq,xgb_fhs,1.7428094102970495,0.9368461747314407
2025-12-23,dq,xgb_fhs,1.8387582216448266,0.9789364547861791
2025-01-13,reference,fhs_ewma,1.6054740226370012,0.860463087243094
2025-01-27,reference,fhs_ewma,1.7071782270917168,0.8992980386994046
2025-02-10,reference,fhs_ewma,1.6054740226370012,0.860463087243094
2025-02-24,reference,fhs_ewma,1.6054740226370012,0.860463087243094
2025-03-10,reference,fhs_ewma,1.0128152409108817,0.5356616750630409
2025-03-24,reference,fhs_ewma,1.4342023020296315,0.7854410219297665
2025-04-07,reference,fhs_ewma,1.6054740226370012,0.860463087243094
2025-04-23,reference,fhs_ewma,1.7071782270917168,0.8992980386994046
2025-05-09,reference,fhs_ewma,1.0128152409108817,0.5356616750630409
2025-05-23,reference,fhs_ewma,1.0128152409108817,0.5356616750630409
2025-06-09,reference,fhs_ewma,1.0128152409108817,0.5356616750630409
2025-06-23,reference,fhs_ewma,1.6054740226370012,0.860463087243094
2025-07-07,reference,fhs_ewma,1.0128152409108817,0.5356616750630409
2025-07-21,reference,fhs_ewma,1.4342023020296315,0.7854410219297665
2025-08-04,reference,fhs_ewma,1.4342023020296315,0.7854410219297665
2025-08-18,reference,fhs_ewma,1.0128152409108817,0.5356616750630409
2025-09-02,reference,fhs_ewma,1.6054740226370012,0.860463087243094
2025-09-16,reference,fhs_ewma,1.0128152409108817,0.5356616750630409
2025-09-30,reference,fhs_ewma,1.7071782270917168,0.8992980386994046
2025-10-14,reference,fhs_ewma,1.0128152409108817,0.5356616750630409
2025-10-28,reference,fhs_ewma,1.0128152409108817,0.5356616750630409
2025-11-11,reference,fhs_ewma,1.0128152409108817,0.5356616750630409
2025-11-25,reference,fhs_ewma,1.4342023020296315,0.7854410219297665
2025-12-09,reference,fhs_ewma,1.6054740226370012,0.860463087243094
2025-12-23,reference,fhs_ewma,1.7071782270917168,0.8992980386994046
2025-01-13,reference,xgb_fhs,1.7195489551358552,0.9153545722174767
2025-01-27,reference,xgb_fhs,1.8025051042006006,0.9517699671721048
2025-02-10,reference,xgb_fhs,1.8015922173991945,0.9500037096164488
2025-02-24,reference,xgb_fhs,1.7562042681203518,0.9270565620510868
2025-03-10,reference,xgb_fhs,0.9778303341488925,0.5159253946708856
2025-03-24,reference,xgb_fhs,1.5955586597574054,0.8803132216343162
2025-04-07,reference,xgb_fhs,1.4694364501147517,0.7893881804682723
2025-04-23,reference,xgb_fhs,1.786535628129658,0.9282492674792923
2025-05-09,reference,xgb_fhs,1.1234376661263525,0.6014894920682032
2025-05-23,reference,xgb_fhs,1.1286327217958743,0.6073168870248485
2025-06-09,reference,xgb_fhs,1.086490842075862,0.5803265826717771
2025-06-23,reference,xgb_fhs,1.7291228952682085,0.900421778531908
2025-07-07,reference,xgb_fhs,1.0843496376308241,0.5760222178248837
2025-07-21,reference,xgb_fhs,1.5819731249476119,0.8533905093666769
2025-08-04,reference,xgb_fhs,1.3218086667272808,0.7204498241053598
2025-08-18,reference,xgb_fhs,1.0792703982333915,0.5775182694959496
2025-09-02,reference,xgb_fhs,1.6389465439276758,0.8758497566830908
2025-09-16,reference,xgb_fhs,1.0181853521354753,0.5401112959495475
2025-09-30,reference,xgb_fhs,1.7031678636135885,0.9023983250101112
2025-10-14,reference,xgb_fhs,0.8343380598639722,0.4243115900491152
2025-10-28,reference,xgb_fhs,0.7897156100676751,0.39722264272538377
2025-11-11,reference,xgb_fhs,0.8838206950382835,0.45801369972203576
2025-11-25,reference,xgb_fhs,1.5183205775669262,0.852484159315505
2025-12-09,reference,xgb_fhs,1.9029689178518083,1.014772096939019
2025-12-23,reference,xgb_fhs,1.830182186345269,0.9859132898552908
2026-01-09,dirty,fhs_ewma,1.023682332652684,0.5431621620897534
2026-01-23,dirty,fhs_ewma,1.023682332652684,0.5431621620897534
2026-02-06,dirty,fhs_ewma,1.023682332652684,0.5431621620897534
2026-02-20,dirty,fhs_ewma,5.059028554112829,1.2489978111568436
2026-03-06,dirty,fhs_ewma,1.023682332652684,0.5431621620897534
2026-03-20,dirty,fhs_ewma,1.023682332652684,0.5431621620897534
2026-04-07,dirty,fhs_ewma,1.4165203171810148,0.776588124773358
2026-04-21,dirty,fhs_ewma,1.4165203171810148,0.776588124773358
2026-05-07,dirty,fhs_ewma,1.6982192333559616,0.8956830036935645
2026-05-21,dirty,fhs_ewma,1.4165203171810148,0.776588124773358
2026-06-05,dirty,fhs_ewma,1.4165203171810148,0.776588124773358
2026-06-19,dirty,fhs_ewma,1.4165203171810148,0.776588124773358
2026-07-03,dirty,fhs_ewma,1.023682332652684,0.5431621620897534
2026-07-17,dirty,fhs_ewma,1.023682332652684,0.5431621620897534
2026-07-31,dirty,fhs_ewma,1.4165203171810148,0.776588124773358
2026-08-14,dirty,fhs_ewma,1.4165203171810148,0.776588124773358
2026-01-09,dirty,xgb_fhs,0.8824616664244387,0.4556505080875278
2026-01-23,dirty,xgb_fhs,0.9035292449931487,0.4695805684625095
2026-02-06,dirty,xgb_fhs,1.0667619867106821,0.5680666574709835
2026-02-20,dirty,xgb_fhs,5.1795812433254875,1.2501408812606503
2026-03-06,dirty,xgb_fhs,1.0472456767736589,0.5564370652263383
2026-03-20,dirty,xgb_fhs,1.0902522425437338,0.5816984118535086
2026-04-07,dirty,xgb_fhs,1.4009559279137698,0.7652769283965826
2026-04-21,dirty,xgb_fhs,1.368774925714509,0.7484899599219134
2026-05-07,dirty,xgb_fhs,1.6849735794114826,0.8886319297919503
2026-05-21,dirty,xgb_fhs,1.4662805539134034,0.803755678413169
2026-06-05,dirty,xgb_fhs,1.4453486061725633,0.807427348477444
2026-06-19,dirty,xgb_fhs,1.4377749587097215,0.7827726396840092
2026-07-03,dirty,xgb_fhs,0.9698786919272779,0.508539029800176
2026-07-17,dirty,xgb_fhs,0.8808123011324291,0.45252428698131325
2026-07-31,dirty,xgb_fhs,1.479969921352523,0.8074047823444421
2026-08-14,dirty,xgb_fhs,1.489195055625898,0.8232039810311744
2026-01-09,dq,fhs_ewma,1.023682332652684,0.5431621620897534
2026-01-23,dq,fhs_ewma,1.023682332652684,0.5431621620897534
2026-02-06,dq,fhs_ewma,1.023682332652684,0.5431621620897534
2026-02-20,dq,fhs_ewma,5.059028554112829,1.2489978111568436
2026-03-06,dq,fhs_ewma,1.023682332652684,0.5431621620897534
2026-03-20,dq,fhs_ewma,1.023682332652684,0.5431621620897534
2026-04-07,dq,fhs_ewma,1.4165203171810148,0.776588124773358
2026-04-21,dq,fhs_ewma,1.4165203171810148,0.776588124773358
2026-05-07,dq,fhs_ewma,1.6982192333559616,0.8956830036935645
2026-05-21,dq,fhs_ewma,1.4165203171810148,0.776588124773358
2026-06-05,dq,fhs_ewma,1.4165203171810148,0.776588124773358
2026-06-19,dq,fhs_ewma,1.4165203171810148,0.776588124773358
2026-07-03,dq,fhs_ewma,1.023682332652684,0.5431621620897534
2026-07-17,dq,fhs_ewma,1.023682332652684,0.5431621620897534
2026-07-31,dq,fhs_ewma,1.4165203171810148,0.776588124773358
2026-08-14,dq,fhs_ewma,1.4165203171810148,0.776588124773358
2026-01-09,dq,xgb_fhs,1.017819757733146,0.5397406599388245
2026-01-23,dq,xgb_fhs,1.0118579181222351,0.5358495694860077
2026-02-06,dq,xgb_fhs,1.0295888401629962,0.5467166208386006
2026-02-20,dq,xgb_fhs,5.064777257850055,1.247996373269967
2026-03-06,dq,xgb_fhs,1.0253757973505304,0.5441862412350464
2026-03-20,dq,xgb_fhs,1.028082226921055,0.5456491767866145
2026-04-07,dq,xgb_fhs,1.4173101571272337,0.7766944721707754
2026-04-21,dq,xgb_fhs,1.42845768787328,0.7818733266004793
2026-05-07,dq,xgb_fhs,1.686942525091683,0.8905504935529706
2026-05-21,dq,xgb_fhs,1.414105736358025,0.7755205342154184
2026-06-05,dq,xgb_fhs,1.427549898644136,0.7837802892038731
2026-06-19,dq,xgb_fhs,1.4143783718613308,0.7755145743423393
2026-07-03,dq,xgb_fhs,1.025375714257396,0.5443696703708136
2026-07-17,dq,xgb_fhs,1.0107510155804265,0.5354817044795772
2026-07-31,dq,xgb_fhs,1.4217809845458864,0.7799686083748755
2026-08-14,dq,xgb_fhs,1.4289407528074993,0.7842618770488888
2026-01-09,reference,fhs_ewma,1.023682332652684,0.5431621620897534
2026-01-23,reference,fhs_ewma,1.023682332652684,0.5431621620897534
2026-02-06,reference,fhs_ewma,1.023682332652684,0.5431621620897534
2026-02-20,reference,fhs_ewma,5.059028554112829,1.2489978111568436
2026-03-06,reference,fhs_ewma,1.023682332652684,0.5431621620897534
2026-03-20,reference,fhs_ewma,1.023682332652684,0.5431621620897534
2026-04-07,reference,fhs_ewma,1.4165203171810148,0.776588124773358
2026-04-21,reference,fhs_ewma,1.4165203171810148,0.776588124773358
2026-05-07,reference,fhs_ewma,1.6982192333559616,0.8956830036935645
2026-05-21,reference,fhs_ewma,1.4165203171810148,0.776588124773358
2026-06-05,reference,fhs_ewma,1.4165203171810148,0.776588124773358
2026-06-19,reference,fhs_ewma,1.4165203171810148,0.776588124773358
2026-07-03,reference,fhs_ewma,1.023682332652684,0.5431621620897534
2026-07-17,reference,fhs_ewma,1.023682332652684,0.5431621620897534
2026-07-31,reference,fhs_ewma,1.4165203171810148,0.776588124773358
2026-08-14,reference,fhs_ewma,1.4165203171810148,0.776588124773358
2026-01-09,reference,xgb_fhs,0.9826356210417689,0.5181196552135537
2026-01-23,reference,xgb_fhs,0.992719570805044,0.5247866964341924
2026-02-06,reference,xgb_fhs,1.0466921687640436,0.5573198796987135
2026-02-20,reference,xgb_fhs,5.087056575950498,1.2483518799056383
2026-03-06,reference,xgb_fhs,1.0219455369012103,0.5419403884609336
2026-03-20,reference,xgb_fhs,1.0455090850563107,0.5562610690174515
2026-04-07,reference,xgb_fhs,1.4340376390571619,0.7855441770015701
2026-04-21,reference,xgb_fhs,1.4004219276586143,0.7673859690523007
2026-05-07,reference,xgb_fhs,1.706546985381044,0.8998317868208175
2026-05-21,reference,xgb_fhs,1.4382601608338734,0.7870947828064742
2026-06-05,reference,xgb_fhs,1.451754099689277,0.8016504085557791
2026-06-19,reference,xgb_fhs,1.41857866485001,0.7800295294802014
2026-07-03,reference,xgb_fhs,1.018886385674574,0.5401330218230709
2026-07-17,reference,xgb_fhs,0.9843388744397213,0.5194344205366589
2026-07-31,reference,xgb_fhs,1.4204736242411005,0.7794649692246868
2026-08-14,reference,xgb_fhs,1.4349876346866313,0.7898635690648567
