date,end,year,quality,model,hp,hf,reserve_eur,residual_loss_eur,shortfall_eur,total_cost_eur
2024-01-02,2024-01-16,2024,dirty,fhs_ewma,0.5,0.0,145000.0,32791.67991733504,0.0,787.6984126984128
2024-01-16,2024-01-30,2024,dirty,fhs_ewma,0.5,0.0,145000.0,28375.26079684864,0.0,787.6984126984128
2024-01-30,2024-02-13,2024,dirty,fhs_ewma,0.25,0.0,145000.0,10114.395073918586,0.0,537.6984126984128
2024-02-13,2024-02-27,2024,dirty,fhs_ewma,0.25,0.0,145000.0,-13884.699209429109,0.0,537.6984126984128
2024-02-27,2024-03-12,2024,dirty,fhs_ewma,0.0,0.0,150000.0,-7157.980534364764,0.0,297.6190476190476
2024-03-12,2024-03-26,2024,dirty,fhs_ewma,0.0,0.0,150000.0,32665.23830912623,0.0,297.6190476190476
2024-03-26,2024-04-11,2024,dirty,fhs_ewma,0.0,0.0,150000.0,77458.3497422705,0.0,297.6190476190476
2024-04-11,2024-04-25,2024,dirty,fhs_ewma,0.0,0.0,150000.0,-36244.78574446609,0.0,297.6190476190476
2024-04-25,2024-05-13,2024,dirty,fhs_ewma,0.0,0.0,150000.0,-62405.29441731884,0.0,297.6190476190476
2024-05-13,2024-05-28,2024,dirty,fhs_ewma,0.25,0.0,145000.0,-24408.528674934354,0.0,537.6984126984128
2024-05-28,2024-06-11,2024,dirty,fhs_ewma,0.0,0.0,150000.0,-671.3045765807274,0.0,297.6190476190476
2024-06-11,2024-06-25,2024,dirty,fhs_ewma,0.5,0.0,145000.0,43164.56299096655,0.0,787.6984126984128
2024-06-25,2024-07-09,2024,dirty,fhs_ewma,0.25,0.0,145000.0,-12063.17345114901,0.0,537.6984126984128
2024-07-09,2024-07-23,2024,dirty,fhs_ewma,0.0,0.0,150000.0,-53517.30799699496,0.0,297.6190476190476
2024-07-23,2024-08-06,2024,dirty,fhs_ewma,0.0,0.0,150000.0,-72580.08967770175,0.0,297.6190476190476
2024-08-06,2024-08-20,2024,dirty,fhs_ewma,0.25,0.0,145000.0,6137.536277632286,0.0,537.6984126984128
2024-08-20,2024-09-04,2024,dirty,fhs_ewma,0.25,0.0,145000.0,-36845.22706209434,0.0,537.6984126984128
2024-09-04,2024-09-18,2024,dirty,fhs_ewma,0.25,0.0,145000.0,-8145.54915414248,0.0,537.6984126984128
2024-09-18,2024-10-02,2024,dirty,fhs_ewma,0.5,0.0,145000.0,7090.390997491343,0.0,787.6984126984128
2024-10-02,2024-10-16,2024,dirty,fhs_ewma,0.5,0.0,145000.0,7627.850964331725,0.0,787.6984126984128
2024-10-16,2024-10-30,2024,dirty,fhs_ewma,0.75,0.0,140000.0,6043.214601931673,0.0,1027.7777777777778
2024-10-30,2024-11-13,2024,dirty,fhs_ewma,0.75,0.0,125000.0,16220.442409050413,0.0,998.015873015873
2024-11-13,2024-11-27,2024,dirty,fhs_ewma,0.75,0.0,145000.0,13042.767372581744,0.0,1037.6984126984128
2024-11-27,2024-12-11,2024,dirty,fhs_ewma,0.5,0.0,145000.0,5478.2595471429895,0.0,787.6984126984128
2024-12-11,2024-12-27,2024,dirty,fhs_ewma,0.25,0.0,145000.0,692.4226375828961,0.0,537.6984126984128
2024-12-27,2025-01-13,2024,dirty,fhs_ewma,0.0,0.0,150000.0,146966.29083844385,0.0,297.6190476190476
2024-01-02,2024-01-16,2024,dirty,xgb_fhs,0.5,0.0,145000.0,32791.67991733504,0.0,787.6984126984128
2024-01-16,2024-01-30,2024,dirty,xgb_fhs,0.5,0.0,145000.0,28375.26079684864,0.0,787.6984126984128
2024-01-30,2024-02-13,2024,dirty,xgb_fhs,0.25,0.0,145000.0,10114.395073918586,0.0,537.6984126984128
2024-02-13,2024-02-27,2024,dirty,xgb_fhs,0.25,0.0,145000.0,-13884.699209429109,0.0,537.6984126984128
2024-02-27,2024-03-12,2024,dirty,xgb_fhs,0.0,0.0,150000.0,-7157.980534364764,0.0,297.6190476190476
2024-03-12,2024-03-26,2024,dirty,xgb_fhs,0.0,0.0,150000.0,32665.23830912623,0.0,297.6190476190476
2024-03-26,2024-04-11,2024,dirty,xgb_fhs,0.0,0.0,150000.0,77458.3497422705,0.0,297.6190476190476
2024-04-11,2024-04-25,2024,dirty,xgb_fhs,0.0,0.0,150000.0,-36244.78574446609,0.0,297.6190476190476
2024-04-25,2024-05-13,2024,dirty,xgb_fhs,0.0,0.0,150000.0,-62405.29441731884,0.0,297.6190476190476
2024-05-13,2024-05-28,2024,dirty,xgb_fhs,0.25,0.0,145000.0,-24408.528674934354,0.0,537.6984126984128
2024-05-28,2024-06-11,2024,dirty,xgb_fhs,0.0,0.0,150000.0,-671.3045765807274,0.0,297.6190476190476
2024-06-11,2024-06-25,2024,dirty,xgb_fhs,0.5,0.0,145000.0,43164.56299096655,0.0,787.6984126984128
2024-06-25,2024-07-09,2024,dirty,xgb_fhs,0.25,0.0,145000.0,-12063.17345114901,0.0,537.6984126984128
2024-07-09,2024-07-23,2024,dirty,xgb_fhs,0.0,0.0,150000.0,-53517.30799699496,0.0,297.6190476190476
2024-07-23,2024-08-06,2024,dirty,xgb_fhs,0.0,0.0,150000.0,-72580.08967770175,0.0,297.6190476190476
2024-08-06,2024-08-20,2024,dirty,xgb_fhs,0.25,0.0,145000.0,6137.536277632286,0.0,537.6984126984128
2024-08-20,2024-09-04,2024,dirty,xgb_fhs,0.25,0.0,145000.0,-36845.22706209434,0.0,537.6984126984128
2024-09-04,2024-09-18,2024,dirty,xgb_fhs,0.25,0.0,145000.0,-8145.54915414248,0.0,537.6984126984128
2024-09-18,2024-10-02,2024,dirty,xgb_fhs,0.5,0.0,145000.0,7090.390997491343,0.0,787.6984126984128
2024-10-02,2024-10-16,2024,dirty,xgb_fhs,0.5,0.0,145000.0,7627.850964331725,0.0,787.6984126984128
2024-10-16,2024-10-30,2024,dirty,xgb_fhs,0.75,0.0,135000.0,6043.214601931673,0.0,1017.8571428571429
2024-10-30,2024-11-13,2024,dirty,xgb_fhs,0.75,0.0,125000.0,16220.442409050413,0.0,998.015873015873
2024-11-13,2024-11-27,2024,dirty,xgb_fhs,0.75,0.0,145000.0,13042.767372581744,0.0,1037.6984126984128
2024-11-27,2024-12-11,2024,dirty,xgb_fhs,0.5,0.0,145000.0,5478.2595471429895,0.0,787.6984126984128
2024-12-11,2024-12-27,2024,dirty,xgb_fhs,0.25,0.0,145000.0,692.4226375828961,0.0,537.6984126984128
2024-12-27,2025-01-13,2024,dirty,xgb_fhs,0.0,0.0,150000.0,146966.29083844385,0.0,297.6190476190476
2024-01-02,2024-01-16,2024,dq,fhs_ewma,0.5,0.0,145000.0,32791.67991733504,0.0,787.6984126984128
2024-01-16,2024-01-30,2024,dq,fhs_ewma,0.5,0.0,145000.0,28375.26079684864,0.0,787.6984126984128
2024-01-30,2024-02-13,2024,dq,fhs_ewma,0.25,0.0,145000.0,10114.395073918586,0.0,537.6984126984128
2024-02-13,2024-02-27,2024,dq,fhs_ewma,0.25,0.0,145000.0,-13884.699209429109,0.0,537.6984126984128
2024-02-27,2024-03-12,2024,dq,fhs_ewma,0.0,0.0,150000.0,-7157.980534364764,0.0,297.6190476190476
2024-03-12,2024-03-26,2024,dq,fhs_ewma,0.0,0.0,150000.0,32665.23830912623,0.0,297.6190476190476
2024-03-26,2024-04-11,2024,dq,fhs_ewma,0.0,0.0,150000.0,77458.3497422705,0.0,297.6190476190476
2024-04-11,2024-04-25,2024,dq,fhs_ewma,0.0,0.0,150000.0,-36244.78574446609,0.0,297.6190476190476
2024-04-25,2024-05-13,2024,dq,fhs_ewma,0.0,0.0,150000.0,-62405.29441731884,0.0,297.6190476190476
2024-05-13,2024-05-28,2024,dq,fhs_ewma,0.0,0.0,150000.0,-29938.704197896608,0.0,297.6190476190476
2024-05-28,2024-06-11,2024,dq,fhs_ewma,0.0,0.0,150000.0,-671.3045765807274,0.0,297.6190476190476
2024-06-11,2024-06-25,2024,dq,fhs_ewma,0.25,0.0,145000.0,63938.112585476825,0.0,537.6984126984128
2024-06-25,2024-07-09,2024,dq,fhs_ewma,0.0,0.0,150000.0,-13013.524793160306,0.0,297.6190476190476
2024-07-09,2024-07-23,2024,dq,fhs_ewma,0.0,0.0,150000.0,-53517.30799699496,0.0,297.6190476190476
2024-07-23,2024-08-06,2024,dq,fhs_ewma,0.0,0.0,150000.0,-72580.08967770175,0.0,297.6190476190476
2024-08-06,2024-08-20,2024,dq,fhs_ewma,0.25,0.0,145000.0,6137.536277632286,0.0,537.6984126984128
2024-08-20,2024-09-04,2024,dq,fhs_ewma,0.25,0.0,145000.0,-36845.22706209434,0.0,537.6984126984128
2024-09-04,2024-09-18,2024,dq,fhs_ewma,0.25,0.0,145000.0,-8145.54915414248,0.0,537.6984126984128
2024-09-18,2024-10-02,2024,dq,fhs_ewma,0.5,0.0,145000.0,7090.390997491343,0.0,787.6984126984128
2024-10-02,2024-10-16,2024,dq,fhs_ewma,0.5,0.0,145000.0,7627.850964331725,0.0,787.6984126984128
2024-10-16,2024-10-30,2024,dq,fhs_ewma,0.75,0.0,140000.0,6043.214601931673,0.0,1027.7777777777778
2024-10-30,2024-11-13,2024,dq,fhs_ewma,0.75,0.0,125000.0,16220.442409050413,0.0,998.015873015873
2024-11-13,2024-11-27,2024,dq,fhs_ewma,0.75,0.0,145000.0,13042.767372581744,0.0,1037.6984126984128
2024-11-27,2024-12-11,2024,dq,fhs_ewma,0.5,0.0,145000.0,5478.2595471429895,0.0,787.6984126984128
2024-12-11,2024-12-27,2024,dq,fhs_ewma,0.25,0.0,145000.0,692.4226375828961,0.0,537.6984126984128
2024-12-27,2025-01-13,2024,dq,fhs_ewma,0.0,0.0,150000.0,146966.29083844385,0.0,297.6190476190476
2024-01-02,2024-01-16,2024,dq,xgb_fhs,0.5,0.0,145000.0,32791.67991733504,0.0,787.6984126984128
2024-01-16,2024-01-30,2024,dq,xgb_fhs,0.5,0.0,145000.0,28375.26079684864,0.0,787.6984126984128
2024-01-30,2024-02-13,2024,dq,xgb_fhs,0.25,0.0,145000.0,10114.395073918586,0.0,537.6984126984128
2024-02-13,2024-02-27,2024,dq,xgb_fhs,0.25,0.0,145000.0,-13884.699209429109,0.0,537.6984126984128
2024-02-27,2024-03-12,2024,dq,xgb_fhs,0.0,0.0,150000.0,-7157.980534364764,0.0,297.6190476190476
2024-03-12,2024-03-26,2024,dq,xgb_fhs,0.0,0.0,150000.0,32665.23830912623,0.0,297.6190476190476
2024-03-26,2024-04-11,2024,dq,xgb_fhs,0.0,0.0,150000.0,77458.3497422705,0.0,297.6190476190476
2024-04-11,2024-04-25,2024,dq,xgb_fhs,0.0,0.0,150000.0,-36244.78574446609,0.0,297.6190476190476
2024-04-25,2024-05-13,2024,dq,xgb_fhs,0.0,0.0,150000.0,-62405.29441731884,0.0,297.6190476190476
2024-05-13,2024-05-28,2024,dq,xgb_fhs,0.0,0.0,150000.0,-29938.704197896608,0.0,297.6190476190476
2024-05-28,2024-06-11,2024,dq,xgb_fhs,0.0,0.0,150000.0,-671.3045765807274,0.0,297.6190476190476
2024-06-11,2024-06-25,2024,dq,xgb_fhs,0.25,0.0,145000.0,63938.112585476825,0.0,537.6984126984128
2024-06-25,2024-07-09,2024,dq,xgb_fhs,0.0,0.0,150000.0,-13013.524793160306,0.0,297.6190476190476
2024-07-09,2024-07-23,2024,dq,xgb_fhs,0.0,0.0,150000.0,-53517.30799699496,0.0,297.6190476190476
2024-07-23,2024-08-06,2024,dq,xgb_fhs,0.0,0.0,150000.0,-72580.08967770175,0.0,297.6190476190476
2024-08-06,2024-08-20,2024,dq,xgb_fhs,0.25,0.0,145000.0,6137.536277632286,0.0,537.6984126984128
2024-08-20,2024-09-04,2024,dq,xgb_fhs,0.25,0.0,145000.0,-36845.22706209434,0.0,537.6984126984128
2024-09-04,2024-09-18,2024,dq,xgb_fhs,0.25,0.0,145000.0,-8145.54915414248,0.0,537.6984126984128
2024-09-18,2024-10-02,2024,dq,xgb_fhs,0.5,0.0,145000.0,7090.390997491343,0.0,787.6984126984128
2024-10-02,2024-10-16,2024,dq,xgb_fhs,0.5,0.0,145000.0,7627.850964331725,0.0,787.6984126984128
2024-10-16,2024-10-30,2024,dq,xgb_fhs,0.75,0.0,135000.0,6043.214601931673,0.0,1017.8571428571429
2024-10-30,2024-11-13,2024,dq,xgb_fhs,0.75,0.0,125000.0,16220.442409050413,0.0,998.015873015873
2024-11-13,2024-11-27,2024,dq,xgb_fhs,0.75,0.0,145000.0,13042.767372581744,0.0,1037.6984126984128
2024-11-27,2024-12-11,2024,dq,xgb_fhs,0.5,0.0,145000.0,5478.2595471429895,0.0,787.6984126984128
2024-12-11,2024-12-27,2024,dq,xgb_fhs,0.25,0.0,145000.0,692.4226375828961,0.0,537.6984126984128
2024-12-27,2025-01-13,2024,dq,xgb_fhs,0.0,0.0,150000.0,146966.29083844385,0.0,297.6190476190476
2024-01-02,2024-01-16,2024,reference,fhs_ewma,0.5,0.0,145000.0,32791.67991733504,0.0,787.6984126984128
2024-01-16,2024-01-30,2024,reference,fhs_ewma,0.5,0.0,145000.0,28375.26079684864,0.0,787.6984126984128
2024-01-30,2024-02-13,2024,reference,fhs_ewma,0.25,0.0,145000.0,10114.395073918586,0.0,537.6984126984128
2024-02-13,2024-02-27,2024,reference,fhs_ewma,0.25,0.0,145000.0,-13884.699209429109,0.0,537.6984126984128
2024-02-27,2024-03-12,2024,reference,fhs_ewma,0.0,0.0,150000.0,-7157.980534364764,0.0,297.6190476190476
2024-03-12,2024-03-26,2024,reference,fhs_ewma,0.0,0.0,150000.0,32665.23830912623,0.0,297.6190476190476
2024-03-26,2024-04-11,2024,reference,fhs_ewma,0.0,0.0,150000.0,77458.3497422705,0.0,297.6190476190476
2024-04-11,2024-04-25,2024,reference,fhs_ewma,0.0,0.0,150000.0,-36244.78574446609,0.0,297.6190476190476
2024-04-25,2024-05-13,2024,reference,fhs_ewma,0.0,0.0,150000.0,-62405.29441731884,0.0,297.6190476190476
2024-05-13,2024-05-28,2024,reference,fhs_ewma,0.0,0.0,150000.0,-29938.704197896608,0.0,297.6190476190476
2024-05-28,2024-06-11,2024,reference,fhs_ewma,0.0,0.0,150000.0,-671.3045765807274,0.0,297.6190476190476
2024-06-11,2024-06-25,2024,reference,fhs_ewma,0.25,0.0,145000.0,63938.112585476825,0.0,537.6984126984128
2024-06-25,2024-07-09,2024,reference,fhs_ewma,0.0,0.0,150000.0,-13013.524793160306,0.0,297.6190476190476
2024-07-09,2024-07-23,2024,reference,fhs_ewma,0.0,0.0,150000.0,-53517.30799699496,0.0,297.6190476190476
2024-07-23,2024-08-06,2024,reference,fhs_ewma,0.0,0.0,150000.0,-72580.08967770175,0.0,297.6190476190476
2024-08-06,2024-08-20,2024,reference,fhs_ewma,0.25,0.0,145000.0,6137.536277632286,0.0,537.6984126984128
2024-08-20,2024-09-04,2024,reference,fhs_ewma,0.25,0.0,145000.0,-36845.22706209434,0.0,537.6984126984128
2024-09-04,2024-09-18,2024,reference,fhs_ewma,0.25,0.0,145000.0,-8145.54915414248,0.0,537.6984126984128
2024-09-18,2024-10-02,2024,reference,fhs_ewma,0.5,0.0,145000.0,7090.390997491343,0.0,787.6984126984128
2024-10-02,2024-10-16,2024,reference,fhs_ewma,0.5,0.0,145000.0,7627.850964331725,0.0,787.6984126984128
2024-10-16,2024-10-30,2024,reference,fhs_ewma,0.75,0.0,140000.0,6043.214601931673,0.0,1027.7777777777778
2024-10-30,2024-11-13,2024,reference,fhs_ewma,0.75,0.0,125000.0,16220.442409050413,0.0,998.015873015873
2024-11-13,2024-11-27,2024,reference,fhs_ewma,0.75,0.0,145000.0,13042.767372581744,0.0,1037.6984126984128
2024-11-27,2024-12-11,2024,reference,fhs_ewma,0.5,0.0,145000.0,5478.2595471429895,0.0,787.6984126984128
2024-12-11,2024-12-27,2024,reference,fhs_ewma,0.25,0.0,145000.0,692.4226375828961,0.0,537.6984126984128
2024-12-27,2025-01-13,2024,reference,fhs_ewma,0.0,0.0,150000.0,146966.29083844385,0.0,297.6190476190476
2024-01-02,2024-01-16,2024,reference,xgb_fhs,0.5,0.0,145000.0,32791.67991733504,0.0,787.6984126984128
2024-01-16,2024-01-30,2024,reference,xgb_fhs,0.5,0.0,145000.0,28375.26079684864,0.0,787.6984126984128
2024-01-30,2024-02-13,2024,reference,xgb_fhs,0.25,0.0,145000.0,10114.395073918586,0.0,537.6984126984128
2024-02-13,2024-02-27,2024,reference,xgb_fhs,0.25,0.0,145000.0,-13884.699209429109,0.0,537.6984126984128
2024-02-27,2024-03-12,2024,reference,xgb_fhs,0.0,0.0,150000.0,-7157.980534364764,0.0,297.6190476190476
2024-03-12,2024-03-26,2024,reference,xgb_fhs,0.0,0.0,150000.0,32665.23830912623,0.0,297.6190476190476
2024-03-26,2024-04-11,2024,reference,xgb_fhs,0.0,0.0,150000.0,77458.3497422705,0.0,297.6190476190476
2024-04-11,2024-04-25,2024,reference,xgb_fhs,0.0,0.0,150000.0,-36244.78574446609,0.0,297.6190476190476
2024-04-25,2024-05-13,2024,reference,xgb_fhs,0.0,0.0,150000.0,-62405.29441731884,0.0,297.6190476190476
2024-05-13,2024-05-28,2024,reference,xgb_fhs,0.0,0.0,150000.0,-29938.704197896608,0.0,297.6190476190476
2024-05-28,2024-06-11,2024,reference,xgb_fhs,0.0,0.0,150000.0,-671.3045765807274,0.0,297.6190476190476
2024-06-11,2024-06-25,2024,reference,xgb_fhs,0.25,0.0,145000.0,63938.112585476825,0.0,537.6984126984128
2024-06-25,2024-07-09,2024,reference,xgb_fhs,0.0,0.0,150000.0,-13013.524793160306,0.0,297.6190476190476
2024-07-09,2024-07-23,2024,reference,xgb_fhs,0.0,0.0,150000.0,-53517.30799699496,0.0,297.6190476190476
2024-07-23,2024-08-06,2024,reference,xgb_fhs,0.0,0.0,150000.0,-72580.08967770175,0.0,297.6190476190476
2024-08-06,2024-08-20,2024,reference,xgb_fhs,0.25,0.0,145000.0,6137.536277632286,0.0,537.6984126984128
2024-08-20,2024-09-04,2024,reference,xgb_fhs,0.25,0.0,145000.0,-36845.22706209434,0.0,537.6984126984128
2024-09-04,2024-09-18,2024,reference,xgb_fhs,0.25,0.0,145000.0,-8145.54915414248,0.0,537.6984126984128
2024-09-18,2024-10-02,2024,reference,xgb_fhs,0.5,0.0,145000.0,7090.390997491343,0.0,787.6984126984128
2024-10-02,2024-10-16,2024,reference,xgb_fhs,0.5,0.0,145000.0,7627.850964331725,0.0,787.6984126984128
2024-10-16,2024-10-30,2024,reference,xgb_fhs,0.75,0.0,135000.0,6043.214601931673,0.0,1017.8571428571429
2024-10-30,2024-11-13,2024,reference,xgb_fhs,0.75,0.0,125000.0,16220.442409050413,0.0,998.015873015873
2024-11-13,2024-11-27,2024,reference,xgb_fhs,0.75,0.0,145000.0,13042.767372581744,0.0,1037.6984126984128
2024-11-27,2024-12-11,2024,reference,xgb_fhs,0.5,0.0,145000.0,5478.2595471429895,0.0,787.6984126984128
2024-12-11,2024-12-27,2024,reference,xgb_fhs,0.25,0.0,145000.0,692.4226375828961,0.0,537.6984126984128
2024-12-27,2025-01-13,2024,reference,xgb_fhs,0.0,0.0,150000.0,146966.29083844385,0.0,297.6190476190476
2025-01-13,2025-01-27,2025,dirty,fhs_ewma,0.0,0.0,150000.0,-94657.02000067291,0.0,297.6190476190476
2025-01-27,2025-02-10,2025,dirty,fhs_ewma,0.0,0.0,150000.0,6224.991726586258,0.0,297.6190476190476
2025-02-10,2025-02-24,2025,dirty,fhs_ewma,0.0,0.0,150000.0,-31283.09708925729,0.0,297.6190476190476
2025-02-24,2025-03-10,2025,dirty,fhs_ewma,0.0,0.0,150000.0,-84043.68207842085,0.0,297.6190476190476
2025-03-10,2025-03-24,2025,dirty,fhs_ewma,0.0,0.0,150000.0,42536.469322845296,0.0,297.6190476190476
2025-03-24,2025-04-07,2025,dirty,fhs_ewma,0.0,0.0,150000.0,-117526.72837332982,0.0,297.6190476190476
2025-04-07,2025-04-23,2025,dirty,fhs_ewma,0.75,0.0,145000.0,-32458.389244985792,0.0,1037.6984126984128
2025-04-23,2025-05-09,2025,dirty,fhs_ewma,0.75,0.0,145000.0,-1012.4449406084187,0.0,1037.6984126984128
2025-05-09,2025-05-23,2025,dirty,fhs_ewma,0.75,0.0,145000.0,60.516886851635576,0.0,1037.6984126984128
2025-05-23,2025-06-09,2025,dirty,fhs_ewma,0.5,0.0,145000.0,15340.478269543983,0.0,787.6984126984128
2025-06-09,2025-06-23,2025,dirty,fhs_ewma,0.5,0.0,145000.0,34966.276990735016,0.0,787.6984126984128
2025-06-23,2025-07-07,2025,dirty,fhs_ewma,0.75,0.0,145000.0,-29163.73500171226,0.0,1037.6984126984128
2025-07-07,2025-07-21,2025,dirty,fhs_ewma,0.75,0.0,145000.0,5122.002967094836,0.0,1037.6984126984128
2025-07-21,2025-08-04,2025,dirty,fhs_ewma,0.5,0.0,145000.0,-7876.8165810404225,0.0,787.6984126984128
2025-08-04,2025-08-18,2025,dirty,fhs_ewma,0.5,0.0,145000.0,-18988.061537151836,0.0,787.6984126984128
2025-08-18,2025-09-02,2025,dirty,fhs_ewma,0.5,0.0,145000.0,1655.3146208576554,0.0,787.6984126984128
2025-09-02,2025-09-16,2025,dirty,fhs_ewma,0.25,0.0,145000.0,3667.332169372286,0.0,537.6984126984128
2025-09-16,2025-09-30,2025,dirty,fhs_ewma,0.25,0.0,145000.0,-7064.523974051166,0.0,537.6984126984128
2025-09-30,2025-10-14,2025,dirty,fhs_ewma,0.25,0.0,145000.0,-45458.43165807229,0.0,537.6984126984128
2025-10-14,2025-10-28,2025,dirty,fhs_ewma,0.25,0.0,145000.0,5532.851547039026,0.0,537.6984126984128
2025-10-28,2025-11-11,2025,dirty,fhs_ewma,0.5,0.0,145000.0,3411.501560587362,0.0,787.6984126984128
2025-11-11,2025-11-25,2025,dirty,fhs_ewma,0.25,0.0,145000.0,3608.749178434797,0.0,537.6984126984128
2025-11-25,2025-12-09,2025,dirty,fhs_ewma,0.25,0.0,145000.0,-23289.19564709743,0.0,537.6984126984128
2025-12-09,2025-12-23,2025,dirty,fhs_ewma,0.0,0.0,150000.0,4386.731048421589,0.0,297.6190476190476
2025-12-23,2026-01-09,2025,dirty,fhs_ewma,0.0,0.0,150000.0,34777.80471669603,0.0,297.6190476190476
2025-01-13,2025-01-27,2025,dirty,xgb_fhs,0.0,0.0,150000.0,-94657.02000067291,0.0,297.6190476190476
2025-01-27,2025-02-10,2025,dirty,xgb_fhs,0.0,0.0,150000.0,6224.991726586258,0.0,297.6190476190476
2025-02-10,2025-02-24,2025,dirty,xgb_fhs,0.0,0.0,150000.0,-31283.09708925729,0.0,297.6190476190476
2025-02-24,2025-03-10,2025,dirty,xgb_fhs,0.0,0.0,150000.0,-84043.68207842085,0.0,297.6190476190476
2025-03-10,2025-03-24,2025,dirty,xgb_fhs,0.0,0.0,150000.0,42536.469322845296,0.0,297.6190476190476
2025-03-24,2025-04-07,2025,dirty,xgb_fhs,0.0,0.0,150000.0,-117526.72837332982,0.0,297.6190476190476
2025-04-07,2025-04-23,2025,dirty,xgb_fhs,0.75,0.0,145000.0,-32458.389244985792,0.0,1037.6984126984128
2025-04-23,2025-05-09,2025,dirty,xgb_fhs,0.75,0.0,145000.0,-1012.4449406084187,0.0,1037.6984126984128
2025-05-09,2025-05-23,2025,dirty,xgb_fhs,0.75,0.0,145000.0,60.516886851635576,0.0,1037.6984126984128
2025-05-23,2025-06-09,2025,dirty,xgb_fhs,0.5,0.0,145000.0,15340.478269543983,0.0,787.6984126984128
2025-06-09,2025-06-23,2025,dirty,xgb_fhs,0.5,0.0,145000.0,34966.276990735016,0.0,787.6984126984128
2025-06-23,2025-07-07,2025,dirty,xgb_fhs,0.75,0.0,145000.0,-29163.73500171226,0.0,1037.6984126984128
2025-07-07,2025-07-21,2025,dirty,xgb_fhs,1.0,0.0,65000.0,5226.242021994066,0.0,1128.968253968254
2025-07-21,2025-08-04,2025,dirty,xgb_fhs,0.5,0.0,145000.0,-7876.8165810404225,0.0,787.6984126984128
2025-08-04,2025-08-18,2025,dirty,xgb_fhs,0.5,0.0,145000.0,-18988.061537151836,0.0,787.6984126984128
2025-08-18,2025-09-02,2025,dirty,xgb_fhs,0.5,0.0,145000.0,1655.3146208576554,0.0,787.6984126984128
2025-09-02,2025-09-16,2025,dirty,xgb_fhs,0.25,0.0,145000.0,3667.332169372286,0.0,537.6984126984128
2025-09-16,2025-09-30,2025,dirty,xgb_fhs,0.25,0.0,145000.0,-7064.523974051166,0.0,537.6984126984128
2025-09-30,2025-10-14,2025,dirty,xgb_fhs,0.25,0.0,145000.0,-45458.43165807229,0.0,537.6984126984128
2025-10-14,2025-10-28,2025,dirty,xgb_fhs,0.25,0.0,145000.0,5532.851547039026,0.0,537.6984126984128
2025-10-28,2025-11-11,2025,dirty,xgb_fhs,0.5,0.0,130000.0,3411.501560587362,0.0,757.936507936508
2025-11-11,2025-11-25,2025,dirty,xgb_fhs,0.25,0.0,145000.0,3608.749178434797,0.0,537.6984126984128
2025-11-25,2025-12-09,2025,dirty,xgb_fhs,0.25,0.0,145000.0,-23289.19564709743,0.0,537.6984126984128
2025-12-09,2025-12-23,2025,dirty,xgb_fhs,0.0,0.0,150000.0,4386.731048421589,0.0,297.6190476190476
2025-12-23,2026-01-09,2025,dirty,xgb_fhs,0.0,0.0,150000.0,34777.80471669603,0.0,297.6190476190476
2025-01-13,2025-01-27,2025,dq,fhs_ewma,0.0,0.0,150000.0,-94657.02000067291,0.0,297.6190476190476
2025-01-27,2025-02-10,2025,dq,fhs_ewma,0.0,0.0,150000.0,6224.991726586258,0.0,297.6190476190476
2025-02-10,2025-02-24,2025,dq,fhs_ewma,0.0,0.0,150000.0,-31283.09708925729,0.0,297.6190476190476
2025-02-24,2025-03-10,2025,dq,fhs_ewma,0.0,0.0,150000.0,-84043.68207842085,0.0,297.6190476190476
2025-03-10,2025-03-24,2025,dq,fhs_ewma,0.25,0.0,145000.0,32407.037696508796,0.0,537.6984126984128
2025-03-24,2025-04-07,2025,dq,fhs_ewma,0.0,0.0,150000.0,-117526.72837332982,0.0,297.6190476190476
2025-04-07,2025-04-23,2025,dq,fhs_ewma,0.75,0.0,145000.0,-32458.389244985792,0.0,1037.6984126984128
2025-04-23,2025-05-09,2025,dq,fhs_ewma,0.75,0.0,145000.0,-1012.4449406084187,0.0,1037.6984126984128
2025-05-09,2025-05-23,2025,dq,fhs_ewma,0.75,0.0,145000.0,60.516886851635576,0.0,1037.6984126984128
2025-05-23,2025-06-09,2025,dq,fhs_ewma,0.5,0.0,145000.0,15340.478269543983,0.0,787.6984126984128
2025-06-09,2025-06-23,2025,dq,fhs_ewma,0.5,0.0,145000.0,34966.276990735016,0.0,787.6984126984128
2025-06-23,2025-07-07,2025,dq,fhs_ewma,0.75,0.0,145000.0,-29163.73500171226,0.0,1037.6984126984128
2025-07-07,2025-07-21,2025,dq,fhs_ewma,0.75,0.0,145000.0,5122.002967094836,0.0,1037.6984126984128
2025-07-21,2025-08-04,2025,dq,fhs_ewma,0.5,0.0,145000.0,-7876.8165810404225,0.0,787.6984126984128
2025-08-04,2025-08-18,2025,dq,fhs_ewma,0.5,0.0,145000.0,-18988.061537151836,0.0,787.6984126984128
2025-08-18,2025-09-02,2025,dq,fhs_ewma,0.5,0.0,145000.0,1655.3146208576554,0.0,787.6984126984128
2025-09-02,2025-09-16,2025,dq,fhs_ewma,0.5,0.0,145000.0,-2207.2455953508797,0.0,787.6984126984128
2025-09-16,2025-09-30,2025,dq,fhs_ewma,0.25,0.0,145000.0,-7064.523974051166,0.0,537.6984126984128
2025-09-30,2025-10-14,2025,dq,fhs_ewma,0.25,0.0,145000.0,-45458.43165807229,0.0,537.6984126984128
2025-10-14,2025-10-28,2025,dq,fhs_ewma,0.25,0.0,145000.0,5532.851547039026,0.0,537.6984126984128
2025-10-28,2025-11-11,2025,dq,fhs_ewma,0.5,0.0,145000.0,3411.501560587362,0.0,787.6984126984128
2025-11-11,2025-11-25,2025,dq,fhs_ewma,0.25,0.0,145000.0,3608.749178434797,0.0,537.6984126984128
2025-11-25,2025-12-09,2025,dq,fhs_ewma,0.25,0.0,145000.0,-23289.19564709743,0.0,537.6984126984128
2025-12-09,2025-12-23,2025,dq,fhs_ewma,0.0,0.0,150000.0,4386.731048421589,0.0,297.6190476190476
2025-12-23,2026-01-09,2025,dq,fhs_ewma,0.0,0.0,150000.0,34777.80471669603,0.0,297.6190476190476
2025-01-13,2025-01-27,2025,dq,xgb_fhs,0.0,0.0,150000.0,-94657.02000067291,0.0,297.6190476190476
2025-01-27,2025-02-10,2025,dq,xgb_fhs,0.0,0.0,150000.0,6224.991726586258,0.0,297.6190476190476
2025-02-10,2025-02-24,2025,dq,xgb_fhs,0.0,0.0,150000.0,-31283.09708925729,0.0,297.6190476190476
2025-02-24,2025-03-10,2025,dq,xgb_fhs,0.0,0.0,150000.0,-84043.68207842085,0.0,297.6190476190476
2025-03-10,2025-03-24,2025,dq,xgb_fhs,0.25,0.0,145000.0,32407.037696508796,0.0,537.6984126984128
2025-03-24,2025-04-07,2025,dq,xgb_fhs,0.0,0.0,150000.0,-117526.72837332982,0.0,297.6190476190476
2025-04-07,2025-04-23,2025,dq,xgb_fhs,0.75,0.0,145000.0,-32458.389244985792,0.0,1037.6984126984128
2025-04-23,2025-05-09,2025,dq,xgb_fhs,0.75,0.0,145000.0,-1012.4449406084187,0.0,1037.6984126984128
2025-05-09,2025-05-23,2025,dq,xgb_fhs,0.75,0.0,145000.0,60.516886851635576,0.0,1037.6984126984128
2025-05-23,2025-06-09,2025,dq,xgb_fhs,0.5,0.0,145000.0,15340.478269543983,0.0,787.6984126984128
2025-06-09,2025-06-23,2025,dq,xgb_fhs,0.5,0.0,145000.0,34966.276990735016,0.0,787.6984126984128
2025-06-23,2025-07-07,2025,dq,xgb_fhs,0.75,0.0,145000.0,-29163.73500171226,0.0,1037.6984126984128
2025-07-07,2025-07-21,2025,dq,xgb_fhs,0.75,0.0,145000.0,5122.002967094836,0.0,1037.6984126984128
2025-07-21,2025-08-04,2025,dq,xgb_fhs,0.5,0.0,145000.0,-7876.8165810404225,0.0,787.6984126984128
2025-08-04,2025-08-18,2025,dq,xgb_fhs,0.5,0.0,145000.0,-18988.061537151836,0.0,787.6984126984128
2025-08-18,2025-09-02,2025,dq,xgb_fhs,0.5,0.0,145000.0,1655.3146208576554,0.0,787.6984126984128
2025-09-02,2025-09-16,2025,dq,xgb_fhs,0.25,0.0,145000.0,3667.332169372286,0.0,537.6984126984128
2025-09-16,2025-09-30,2025,dq,xgb_fhs,0.25,0.0,145000.0,-7064.523974051166,0.0,537.6984126984128
2025-09-30,2025-10-14,2025,dq,xgb_fhs,0.25,0.0,145000.0,-45458.43165807229,0.0,537.6984126984128
2025-10-14,2025-10-28,2025,dq,xgb_fhs,0.25,0.0,145000.0,5532.851547039026,0.0,537.6984126984128
2025-10-28,2025-11-11,2025,dq,xgb_fhs,0.5,0.0,145000.0,3411.501560587362,0.0,787.6984126984128
2025-11-11,2025-11-25,2025,dq,xgb_fhs,0.25,0.0,145000.0,3608.749178434797,0.0,537.6984126984128
2025-11-25,2025-12-09,2025,dq,xgb_fhs,0.25,0.0,145000.0,-23289.19564709743,0.0,537.6984126984128
2025-12-09,2025-12-23,2025,dq,xgb_fhs,0.0,0.0,150000.0,4386.731048421589,0.0,297.6190476190476
2025-12-23,2026-01-09,2025,dq,xgb_fhs,0.0,0.0,150000.0,34777.80471669603,0.0,297.6190476190476
2025-01-13,2025-01-27,2025,reference,fhs_ewma,0.0,0.0,150000.0,-94657.02000067291,0.0,297.6190476190476
2025-01-27,2025-02-10,2025,reference,fhs_ewma,0.0,0.0,150000.0,6224.991726586258,0.0,297.6190476190476
2025-02-10,2025-02-24,2025,reference,fhs_ewma,0.0,0.0,150000.0,-31283.09708925729,0.0,297.6190476190476
2025-02-24,2025-03-10,2025,reference,fhs_ewma,0.0,0.0,150000.0,-84043.68207842085,0.0,297.6190476190476
2025-03-10,2025-03-24,2025,reference,fhs_ewma,0.25,0.0,145000.0,32407.037696508796,0.0,537.6984126984128
2025-03-24,2025-04-07,2025,reference,fhs_ewma,0.0,0.0,150000.0,-117526.72837332982,0.0,297.6190476190476
2025-04-07,2025-04-23,2025,reference,fhs_ewma,0.75,0.0,145000.0,-32458.389244985792,0.0,1037.6984126984128
2025-04-23,2025-05-09,2025,reference,fhs_ewma,0.75,0.0,145000.0,-1012.4449406084187,0.0,1037.6984126984128
2025-05-09,2025-05-23,2025,reference,fhs_ewma,0.75,0.0,145000.0,60.516886851635576,0.0,1037.6984126984128
2025-05-23,2025-06-09,2025,reference,fhs_ewma,0.5,0.0,145000.0,15340.478269543983,0.0,787.6984126984128
2025-06-09,2025-06-23,2025,reference,fhs_ewma,0.5,0.0,145000.0,34966.276990735016,0.0,787.6984126984128
2025-06-23,2025-07-07,2025,reference,fhs_ewma,0.75,0.0,145000.0,-29163.73500171226,0.0,1037.6984126984128
2025-07-07,2025-07-21,2025,reference,fhs_ewma,0.75,0.0,145000.0,5122.002967094836,0.0,1037.6984126984128
2025-07-21,2025-08-04,2025,reference,fhs_ewma,0.5,0.0,145000.0,-7876.8165810404225,0.0,787.6984126984128
2025-08-04,2025-08-18,2025,reference,fhs_ewma,0.5,0.0,145000.0,-18988.061537151836,0.0,787.6984126984128
2025-08-18,2025-09-02,2025,reference,fhs_ewma,0.5,0.0,145000.0,1655.3146208576554,0.0,787.6984126984128
2025-09-02,2025-09-16,2025,reference,fhs_ewma,0.25,0.0,145000.0,3667.332169372286,0.0,537.6984126984128
2025-09-16,2025-09-30,2025,reference,fhs_ewma,0.25,0.0,145000.0,-7064.523974051166,0.0,537.6984126984128
2025-09-30,2025-10-14,2025,reference,fhs_ewma,0.25,0.0,145000.0,-45458.43165807229,0.0,537.6984126984128
2025-10-14,2025-10-28,2025,reference,fhs_ewma,0.25,0.0,145000.0,5532.851547039026,0.0,537.6984126984128
2025-10-28,2025-11-11,2025,reference,fhs_ewma,0.5,0.0,145000.0,3411.501560587362,0.0,787.6984126984128
2025-11-11,2025-11-25,2025,reference,fhs_ewma,0.25,0.0,145000.0,3608.749178434797,0.0,537.6984126984128
2025-11-25,2025-12-09,2025,reference,fhs_ewma,0.25,0.0,145000.0,-23289.19564709743,0.0,537.6984126984128
2025-12-09,2025-12-23,2025,reference,fhs_ewma,0.0,0.0,150000.0,4386.731048421589,0.0,297.6190476190476
2025-12-23,2026-01-09,2025,reference,fhs_ewma,0.0,0.0,150000.0,34777.80471669603,0.0,297.6190476190476
2025-01-13,2025-01-27,2025,reference,xgb_fhs,0.0,0.0,150000.0,-94657.02000067291,0.0,297.6190476190476
2025-01-27,2025-02-10,2025,reference,xgb_fhs,0.0,0.0,150000.0,6224.991726586258,0.0,297.6190476190476
2025-02-10,2025-02-24,2025,reference,xgb_fhs,0.0,0.0,150000.0,-31283.09708925729,0.0,297.6190476190476
2025-02-24,2025-03-10,2025,reference,xgb_fhs,0.0,0.0,150000.0,-84043.68207842085,0.0,297.6190476190476
2025-03-10,2025-03-24,2025,reference,xgb_fhs,0.25,0.0,145000.0,32407.037696508796,0.0,537.6984126984128
2025-03-24,2025-04-07,2025,reference,xgb_fhs,0.0,0.0,150000.0,-117526.72837332982,0.0,297.6190476190476
2025-04-07,2025-04-23,2025,reference,xgb_fhs,0.75,0.0,145000.0,-32458.389244985792,0.0,1037.6984126984128
2025-04-23,2025-05-09,2025,reference,xgb_fhs,0.75,0.0,145000.0,-1012.4449406084187,0.0,1037.6984126984128
2025-05-09,2025-05-23,2025,reference,xgb_fhs,0.75,0.0,145000.0,60.516886851635576,0.0,1037.6984126984128
2025-05-23,2025-06-09,2025,reference,xgb_fhs,0.5,0.0,145000.0,15340.478269543983,0.0,787.6984126984128
2025-06-09,2025-06-23,2025,reference,xgb_fhs,0.5,0.0,145000.0,34966.276990735016,0.0,787.6984126984128
2025-06-23,2025-07-07,2025,reference,xgb_fhs,0.75,0.0,145000.0,-29163.73500171226,0.0,1037.6984126984128
2025-07-07,2025-07-21,2025,reference,xgb_fhs,1.0,0.0,65000.0,5226.242021994066,0.0,1128.968253968254
2025-07-21,2025-08-04,2025,reference,xgb_fhs,0.5,0.0,145000.0,-7876.8165810404225,0.0,787.6984126984128
2025-08-04,2025-08-18,2025,reference,xgb_fhs,0.5,0.0,145000.0,-18988.061537151836,0.0,787.6984126984128
2025-08-18,2025-09-02,2025,reference,xgb_fhs,0.5,0.0,145000.0,1655.3146208576554,0.0,787.6984126984128
2025-09-02,2025-09-16,2025,reference,xgb_fhs,0.25,0.0,145000.0,3667.332169372286,0.0,537.6984126984128
2025-09-16,2025-09-30,2025,reference,xgb_fhs,0.25,0.0,145000.0,-7064.523974051166,0.0,537.6984126984128
2025-09-30,2025-10-14,2025,reference,xgb_fhs,0.25,0.0,145000.0,-45458.43165807229,0.0,537.6984126984128
2025-10-14,2025-10-28,2025,reference,xgb_fhs,0.25,0.0,145000.0,5532.851547039026,0.0,537.6984126984128
2025-10-28,2025-11-11,2025,reference,xgb_fhs,0.5,0.0,145000.0,3411.501560587362,0.0,787.6984126984128
2025-11-11,2025-11-25,2025,reference,xgb_fhs,0.25,0.0,145000.0,3608.749178434797,0.0,537.6984126984128
2025-11-25,2025-12-09,2025,reference,xgb_fhs,0.25,0.0,145000.0,-23289.19564709743,0.0,537.6984126984128
2025-12-09,2025-12-23,2025,reference,xgb_fhs,0.0,0.0,150000.0,4386.731048421589,0.0,297.6190476190476
2025-12-23,2026-01-09,2025,reference,xgb_fhs,0.0,0.0,150000.0,34777.80471669603,0.0,297.6190476190476
2026-01-09,2026-01-23,2026,dirty,fhs_ewma,0.25,0.0,145000.0,26217.473091212327,0.0,537.6984126984128
2026-01-23,2026-02-06,2026,dirty,fhs_ewma,0.25,0.0,145000.0,20640.910105082534,0.0,537.6984126984128
2026-02-06,2026-02-20,2026,dirty,fhs_ewma,0.75,0.0,135000.0,10531.280325105878,0.0,1017.8571428571429
2026-02-20,2026-03-06,2026,dirty,fhs_ewma,0.5,0.0,145000.0,181456.30037711243,36456.300377112435,73700.29916692329
2026-03-06,2026-03-20,2026,dirty,fhs_ewma,1.0,0.0,50000.0,642.2630452788125,0.0,1099.2063492063492
2026-03-20,2026-04-07,2026,dirty,fhs_ewma,1.0,0.0,60000.0,-201.97577936134635,0.0,1119.047619047619
2026-04-07,2026-04-21,2026,dirty,fhs_ewma,1.0,0.0,70000.0,-13705.445519304692,0.0,1138.888888888889
2026-04-21,2026-05-07,2026,dirty,fhs_ewma,1.0,0.0,85000.0,-244.5112248950776,0.0,1168.6507936507937
2026-05-07,2026-05-21,2026,dirty,fhs_ewma,1.0,0.0,70000.0,15324.711256934354,0.0,1138.888888888889
2026-05-21,2026-06-05,2026,dirty,fhs_ewma,1.0,0.0,55000.0,-3237.7942585968126,0.0,1109.126984126984
2026-06-05,2026-06-19,2026,dirty,fhs_ewma,1.0,0.0,40000.0,12476.940828554494,0.0,1079.3650793650793
2026-06-19,2026-07-03,2026,dirty,fhs_ewma,1.0,0.0,40000.0,1416.688075710021,0.0,1079.3650793650793
2026-07-03,2026-07-17,2026,dirty,fhs_ewma,1.0,0.0,45000.0,1407.171119128525,0.0,1089.2857142857142
2026-07-17,2026-07-31,2026,dirty,fhs_ewma,1.0,0.0,40000.0,-4964.971981836264,0.0,1079.3650793650793
2026-07-31,2026-08-14,2026,dirty,fhs_ewma,1.0,0.0,50000.0,-6728.643707426013,0.0,1099.2063492063492
2026-08-14,2026-08-28,2026,dirty,fhs_ewma,1.0,0.0,40000.0,-6366.502634720137,0.0,1079.3650793650793
2026-01-09,2026-01-23,2026,dirty,xgb_fhs,0.25,0.0,145000.0,26217.473091212327,0.0,537.6984126984128
2026-01-23,2026-02-06,2026,dirty,xgb_fhs,0.25,0.0,145000.0,20640.910105082534,0.0,537.6984126984128
2026-02-06,2026-02-20,2026,dirty,xgb_fhs,0.75,0.0,135000.0,10531.280325105878,0.0,1017.8571428571429
2026-02-20,2026-03-06,2026,dirty,xgb_fhs,0.5,0.0,145000.0,181456.30037711243,36456.300377112435,73700.29916692329
2026-03-06,2026-03-20,2026,dirty,xgb_fhs,1.0,0.0,50000.0,642.2630452788125,0.0,1099.2063492063492
2026-03-20,2026-04-07,2026,dirty,xgb_fhs,1.0,0.0,60000.0,-201.97577936134635,0.0,1119.047619047619
2026-04-07,2026-04-21,2026,dirty,xgb_fhs,1.0,0.0,70000.0,-13705.445519304692,0.0,1138.888888888889
2026-04-21,2026-05-07,2026,dirty,xgb_fhs,1.0,0.0,85000.0,-244.5112248950776,0.0,1168.6507936507937
2026-05-07,2026-05-21,2026,dirty,xgb_fhs,1.0,0.0,75000.0,15324.711256934354,0.0,1148.8095238095239
2026-05-21,2026-06-05,2026,dirty,xgb_fhs,1.0,0.0,55000.0,-3237.7942585968126,0.0,1109.126984126984
2026-06-05,2026-06-19,2026,dirty,xgb_fhs,1.0,0.0,40000.0,12476.940828554494,0.0,1079.3650793650793
2026-06-19,2026-07-03,2026,dirty,xgb_fhs,1.0,0.0,40000.0,1416.688075710021,0.0,1079.3650793650793
2026-07-03,2026-07-17,2026,dirty,xgb_fhs,1.0,0.0,45000.0,1407.171119128525,0.0,1089.2857142857142
2026-07-17,2026-07-31,2026,dirty,xgb_fhs,1.0,0.0,40000.0,-4964.971981836264,0.0,1079.3650793650793
2026-07-31,2026-08-14,2026,dirty,xgb_fhs,1.0,0.0,50000.0,-6728.643707426013,0.0,1099.2063492063492
2026-08-14,2026-08-28,2026,dirty,xgb_fhs,1.0,0.0,40000.0,-6366.502634720137,0.0,1079.3650793650793
2026-01-09,2026-01-23,2026,dq,fhs_ewma,0.25,0.0,145000.0,26217.473091212327,0.0,537.6984126984128
2026-01-23,2026-02-06,2026,dq,fhs_ewma,0.25,0.0,145000.0,20640.910105082534,0.0,537.6984126984128
2026-02-06,2026-02-20,2026,dq,fhs_ewma,0.5,0.0,145000.0,18693.0972165182,0.0,787.6984126984128
2026-02-20,2026-03-06,2026,dq,fhs_ewma,0.5,0.0,145000.0,181456.30037711243,36456.300377112435,73700.29916692329
2026-03-06,2026-03-20,2026,dq,fhs_ewma,1.0,0.0,55000.0,642.2630452788125,0.0,1109.126984126984
2026-03-20,2026-04-07,2026,dq,fhs_ewma,1.0,0.0,65000.0,-201.97577936134635,0.0,1128.968253968254
2026-04-07,2026-04-21,2026,dq,fhs_ewma,1.0,0.0,75000.0,-13705.445519304692,0.0,1148.8095238095239
2026-04-21,2026-05-07,2026,dq,fhs_ewma,1.0,0.0,85000.0,-244.5112248950776,0.0,1168.6507936507937
2026-05-07,2026-05-21,2026,dq,fhs_ewma,1.0,0.0,75000.0,15324.711256934354,0.0,1148.8095238095239
2026-05-21,2026-06-05,2026,dq,fhs_ewma,1.0,0.0,55000.0,-3237.7942585968126,0.0,1109.126984126984
2026-06-05,2026-06-19,2026,dq,fhs_ewma,1.0,0.0,40000.0,12476.940828554494,0.0,1079.3650793650793
2026-06-19,2026-07-03,2026,dq,fhs_ewma,1.0,0.0,40000.0,1416.688075710021,0.0,1079.3650793650793
2026-07-03,2026-07-17,2026,dq,fhs_ewma,1.0,0.0,35000.0,1407.171119128525,0.0,1069.4444444444443
2026-07-17,2026-07-31,2026,dq,fhs_ewma,1.0,0.0,35000.0,-4964.971981836264,0.0,1069.4444444444443
2026-07-31,2026-08-14,2026,dq,fhs_ewma,1.0,0.0,45000.0,-6728.643707426013,0.0,1089.2857142857142
2026-08-14,2026-08-28,2026,dq,fhs_ewma,1.0,0.0,35000.0,-6366.502634720137,0.0,1069.4444444444443
2026-01-09,2026-01-23,2026,dq,xgb_fhs,0.25,0.0,145000.0,26217.473091212327,0.0,537.6984126984128
2026-01-23,2026-02-06,2026,dq,xgb_fhs,0.25,0.0,145000.0,20640.910105082534,0.0,537.6984126984128
2026-02-06,2026-02-20,2026,dq,xgb_fhs,0.75,0.0,130000.0,10531.280325105878,0.0,1007.936507936508
2026-02-20,2026-03-06,2026,dq,xgb_fhs,0.5,0.0,145000.0,181456.30037711243,36456.300377112435,73700.29916692329
2026-03-06,2026-03-20,2026,dq,xgb_fhs,1.0,0.0,55000.0,642.2630452788125,0.0,1109.126984126984
2026-03-20,2026-04-07,2026,dq,xgb_fhs,1.0,0.0,65000.0,-201.97577936134635,0.0,1128.968253968254
2026-04-07,2026-04-21,2026,dq,xgb_fhs,1.0,0.0,70000.0,-13705.445519304692,0.0,1138.888888888889
2026-04-21,2026-05-07,2026,dq,xgb_fhs,1.0,0.0,85000.0,-244.5112248950776,0.0,1168.6507936507937
2026-05-07,2026-05-21,2026,dq,xgb_fhs,1.0,0.0,75000.0,15324.711256934354,0.0,1148.8095238095239
2026-05-21,2026-06-05,2026,dq,xgb_fhs,1.0,0.0,55000.0,-3237.7942585968126,0.0,1109.126984126984
2026-06-05,2026-06-19,2026,dq,xgb_fhs,1.0,0.0,40000.0,12476.940828554494,0.0,1079.3650793650793
2026-06-19,2026-07-03,2026,dq,xgb_fhs,1.0,0.0,40000.0,1416.688075710021,0.0,1079.3650793650793
2026-07-03,2026-07-17,2026,dq,xgb_fhs,1.0,0.0,35000.0,1407.171119128525,0.0,1069.4444444444443
2026-07-17,2026-07-31,2026,dq,xgb_fhs,1.0,0.0,35000.0,-4964.971981836264,0.0,1069.4444444444443
2026-07-31,2026-08-14,2026,dq,xgb_fhs,1.0,0.0,45000.0,-6728.643707426013,0.0,1089.2857142857142
2026-08-14,2026-08-28,2026,dq,xgb_fhs,1.0,0.0,35000.0,-6366.502634720137,0.0,1069.4444444444443
2026-01-09,2026-01-23,2026,reference,fhs_ewma,0.25,0.0,145000.0,26217.473091212327,0.0,537.6984126984128
2026-01-23,2026-02-06,2026,reference,fhs_ewma,0.25,0.0,145000.0,20640.910105082534,0.0,537.6984126984128
2026-02-06,2026-02-20,2026,reference,fhs_ewma,0.5,0.0,145000.0,18693.0972165182,0.0,787.6984126984128
2026-02-20,2026-03-06,2026,reference,fhs_ewma,0.5,0.0,145000.0,181456.30037711243,36456.300377112435,73700.29916692329
2026-03-06,2026-03-20,2026,reference,fhs_ewma,1.0,0.0,50000.0,642.2630452788125,0.0,1099.2063492063492
2026-03-20,2026-04-07,2026,reference,fhs_ewma,1.0,0.0,60000.0,-201.97577936134635,0.0,1119.047619047619
2026-04-07,2026-04-21,2026,reference,fhs_ewma,1.0,0.0,70000.0,-13705.445519304692,0.0,1138.888888888889
2026-04-21,2026-05-07,2026,reference,fhs_ewma,1.0,0.0,85000.0,-244.5112248950776,0.0,1168.6507936507937
2026-05-07,2026-05-21,2026,reference,fhs_ewma,1.0,0.0,70000.0,15324.711256934354,0.0,1138.888888888889
2026-05-21,2026-06-05,2026,reference,fhs_ewma,1.0,0.0,55000.0,-3237.7942585968126,0.0,1109.126984126984
2026-06-05,2026-06-19,2026,reference,fhs_ewma,1.0,0.0,40000.0,12476.940828554494,0.0,1079.3650793650793
2026-06-19,2026-07-03,2026,reference,fhs_ewma,1.0,0.0,55000.0,1416.688075710021,0.0,1109.126984126984
2026-07-03,2026-07-17,2026,reference,fhs_ewma,1.0,0.0,45000.0,1407.171119128525,0.0,1089.2857142857142
2026-07-17,2026-07-31,2026,reference,fhs_ewma,1.0,0.0,40000.0,-4964.971981836264,0.0,1079.3650793650793
2026-07-31,2026-08-14,2026,reference,fhs_ewma,1.0,0.0,50000.0,-6728.643707426013,0.0,1099.2063492063492
2026-08-14,2026-08-28,2026,reference,fhs_ewma,1.0,0.0,40000.0,-6366.502634720137,0.0,1079.3650793650793
2026-01-09,2026-01-23,2026,reference,xgb_fhs,0.25,0.0,145000.0,26217.473091212327,0.0,537.6984126984128
2026-01-23,2026-02-06,2026,reference,xgb_fhs,0.25,0.0,145000.0,20640.910105082534,0.0,537.6984126984128
2026-02-06,2026-02-20,2026,reference,xgb_fhs,0.5,0.0,145000.0,18693.0972165182,0.0,787.6984126984128
2026-02-20,2026-03-06,2026,reference,xgb_fhs,0.5,0.0,145000.0,181456.30037711243,36456.300377112435,73700.29916692329
2026-03-06,2026-03-20,2026,reference,xgb_fhs,1.0,0.0,50000.0,642.2630452788125,0.0,1099.2063492063492
2026-03-20,2026-04-07,2026,reference,xgb_fhs,1.0,0.0,60000.0,-201.97577936134635,0.0,1119.047619047619
2026-04-07,2026-04-21,2026,reference,xgb_fhs,1.0,0.0,70000.0,-13705.445519304692,0.0,1138.888888888889
2026-04-21,2026-05-07,2026,reference,xgb_fhs,1.0,0.0,85000.0,-244.5112248950776,0.0,1168.6507936507937
2026-05-07,2026-05-21,2026,reference,xgb_fhs,1.0,0.0,70000.0,15324.711256934354,0.0,1138.888888888889
2026-05-21,2026-06-05,2026,reference,xgb_fhs,1.0,0.0,55000.0,-3237.7942585968126,0.0,1109.126984126984
2026-06-05,2026-06-19,2026,reference,xgb_fhs,1.0,0.0,40000.0,12476.940828554494,0.0,1079.3650793650793
2026-06-19,2026-07-03,2026,reference,xgb_fhs,1.0,0.0,50000.0,1416.688075710021,0.0,1099.2063492063492
2026-07-03,2026-07-17,2026,reference,xgb_fhs,1.0,0.0,45000.0,1407.171119128525,0.0,1089.2857142857142
2026-07-17,2026-07-31,2026,reference,xgb_fhs,1.0,0.0,40000.0,-4964.971981836264,0.0,1079.3650793650793
2026-07-31,2026-08-14,2026,reference,xgb_fhs,1.0,0.0,50000.0,-6728.643707426013,0.0,1099.2063492063492
2026-08-14,2026-08-28,2026,reference,xgb_fhs,1.0,0.0,40000.0,-6366.502634720137,0.0,1079.3650793650793
