year,date,model,stage,logloss,brier
2024,2024-01-02,tabular,raw,0.5943723917007446,0.2815205823943918
2024,2024-01-16,tabular,raw,0.7912000417709351,0.4023751784857548
2024,2024-01-30,tabular,raw,1.00140118598938,0.6398212420157247
2024,2024-02-13,tabular,raw,1.457298755645752,0.844134106039115
2024,2024-02-27,tabular,raw,0.8020768165588379,0.405787885906091
2024,2024-03-12,tabular,raw,0.931108832359314,0.5120927936840938
2024,2024-03-26,tabular,raw,0.9144800901412964,0.5016738159348808
2024,2024-04-11,tabular,raw,1.594310998916626,0.8805655807541986
2024,2024-04-25,tabular,raw,1.1017745733261108,0.6564102828237268
2024,2024-05-13,tabular,raw,1.5132700204849243,0.8591203138862185
2024,2024-05-28,tabular,raw,1.45392107963562,0.8269320892352773
2024,2024-06-11,tabular,raw,0.7514535784721375,0.4133146454289544
2024,2024-06-25,tabular,raw,2.083957433700561,1.230268449865139
2024,2024-07-09,tabular,raw,2.177180767059326,1.1128727847023692
2024,2024-07-23,tabular,raw,1.558435082435608,0.8604471421059834
2024,2024-08-06,tabular,raw,2.6804702281951904,1.184896611837576
2024,2024-08-20,tabular,raw,1.3848237991333008,0.8357046703131296
2024,2024-09-04,tabular,raw,0.5882255434989929,0.2710387769375519
2024,2024-09-18,tabular,raw,0.8546323776245117,0.5203935590452375
2024,2024-10-02,tabular,raw,1.513163924217224,0.8436618429600663
2024,2024-10-16,tabular,raw,0.5966977477073669,0.2729183240393586
2024,2024-10-30,tabular,raw,2.0290119647979736,1.0779997313939291
2024,2024-11-13,tabular,raw,0.8851896524429321,0.4810258477365016
2024,2024-11-27,tabular,raw,1.1646268367767334,0.7023093913897002
2024,2024-12-11,tabular,raw,0.8574681878089905,0.4406496014367362
2024,2024-12-27,tabular,raw,1.1378223896026611,0.6215119366082541
2024,2024-01-02,tabular,mixed,0.6640200855397267,0.3230249518046341
2024,2024-01-16,tabular,mixed,0.8303630641197999,0.4257074885243674
2024,2024-01-30,tabular,mixed,1.0020063667434678,0.6054710051927473
2024,2024-02-13,tabular,mixed,1.3488360428492323,0.764295545542068
2024,2024-02-27,tabular,mixed,0.8394036932356115,0.4291779270277604
2024,2024-03-12,tabular,mixed,0.9453494169181742,0.5127862342101939
2024,2024-03-26,tabular,mixed,0.9318345723954832,0.5052534539056698
2024,2024-04-11,tabular,mixed,1.554606734549702,0.8585825675297754
2024,2024-04-25,tabular,mixed,1.1562674122363314,0.6765283097529357
2024,2024-05-13,tabular,mixed,1.491722571454335,0.8401340562520546
2024,2024-05-28,tabular,mixed,1.5075006820498869,0.8423819303466693
2024,2024-06-11,tabular,mixed,0.7971864351713076,0.4297844675669374
2024,2024-06-25,tabular,mixed,1.9700479845951728,1.1388521859610137
2024,2024-07-09,tabular,mixed,1.9695308633920192,1.039316159535962
2024,2024-07-23,tabular,mixed,1.5269095907695798,0.8384815085999389
2024,2024-08-06,tabular,mixed,2.356772250713415,1.114290633778208
2024,2024-08-20,tabular,mixed,1.3897881468299655,0.8194673154801271
2024,2024-09-04,tabular,mixed,0.6587456156632495,0.3138640871935513
2024,2024-09-18,tabular,mixed,0.8828504158423154,0.5122653546947046
2024,2024-10-02,tabular,mixed,1.5572694074838629,0.8566889194104024
2024,2024-10-16,tabular,mixed,0.6660143063743683,0.3170317203721359
2024,2024-10-30,tabular,mixed,1.9681632833043456,1.0415080184890726
2024,2024-11-13,tabular,mixed,0.9079274212248788,0.4871180898730237
2024,2024-11-27,tabular,mixed,1.130468684817033,0.6584424568852374
2024,2024-12-11,tabular,mixed,0.8851834102228763,0.4567514988191782
2024,2024-12-27,tabular,mixed,1.2345903546942807,0.6752333711085677
2024,2024-01-02,cnn_1d,raw,0.9047819972038268,0.4763115465963004
2024,2024-01-16,cnn_1d,raw,0.9098677635192872,0.4812570874213246
2024,2024-01-30,cnn_1d,raw,0.8800637722015381,0.4641626907694873
2024,2024-02-13,cnn_1d,raw,0.8770646452903748,0.4622835293460743
2024,2024-02-27,cnn_1d,raw,0.8364306092262268,0.437362296246563
2024,2024-03-12,cnn_1d,raw,0.7910188436508179,0.4100703219188921
2024,2024-03-26,cnn_1d,raw,0.7491085529327393,0.3821015741521064
2024,2024-04-11,cnn_1d,raw,1.2926853895187378,0.7785076189899475
2024,2024-04-25,cnn_1d,raw,1.2827064990997314,0.7519354988001142
2024,2024-05-13,cnn_1d,raw,1.298001050949097,0.7651309235231222
2024,2024-05-28,cnn_1d,raw,2.308715343475342,1.1124218554139145
2024,2024-06-11,cnn_1d,raw,0.815854549407959,0.4178538631985003
2024,2024-06-25,cnn_1d,raw,1.6207579374313354,0.8862157322033145
2024,2024-07-09,cnn_1d,raw,1.3270347118377686,0.7663419781923632
2024,2024-07-23,cnn_1d,raw,1.3565219640731812,0.7991681649608067
2024,2024-08-06,cnn_1d,raw,1.7879571914672852,0.972289132316508
2024,2024-08-20,cnn_1d,raw,1.3317203521728516,0.7727951792740054
2024,2024-09-04,cnn_1d,raw,0.8316084742546082,0.4325765186871522
2024,2024-09-18,cnn_1d,raw,0.7751172780990601,0.3902194725272688
2024,2024-10-02,cnn_1d,raw,2.3620076179504395,1.1168729864151197
2024,2024-10-16,cnn_1d,raw,0.8748207092285156,0.4541528936632266
2024,2024-10-30,cnn_1d,raw,2.128629207611084,1.057315268229387
2024,2024-11-13,cnn_1d,raw,0.8846065402030945,0.4631779987234298
2024,2024-11-27,cnn_1d,raw,1.0386987924575806,0.5617226010015595
2024,2024-12-11,cnn_1d,raw,1.0351296663284302,0.5589355979152837
2024,2024-12-27,cnn_1d,raw,1.806267499923706,0.9351754799306324
2024,2024-01-02,cnn_1d,mixed,0.9239330752244408,0.4867913278513061
2024,2024-01-16,cnn_1d,mixed,0.9280784192853146,0.4906944688625113
2024,2024-01-30,cnn_1d,mixed,0.9037303948738248,0.4766222866623756
2024,2024-02-13,cnn_1d,mixed,0.9012730405372288,0.4751519675278981
2024,2024-02-27,cnn_1d,mixed,0.8678482850567293,0.4546519520388485
2024,2024-03-12,cnn_1d,mixed,0.8302122489721135,0.4319687019609832
2024,2024-03-26,cnn_1d,mixed,0.7952222235852591,0.40858762095197
2024,2024-04-11,cnn_1d,mixed,1.315054092942029,0.7746702219806342
2024,2024-04-25,cnn_1d,mixed,1.3068829863317613,0.7549265919457823
2024,2024-05-13,cnn_1d,mixed,1.3194007740895666,0.7650693770397579
2024,2024-05-28,cnn_1d,mixed,2.1711006917454103,1.070944078163638
2024,2024-06-11,cnn_1d,mixed,0.850831721376332,0.4386069689520018
2024,2024-06-25,cnn_1d,mixed,1.6189846286847267,0.8815065481289006
2024,2024-07-09,cnn_1d,mixed,1.3430666468355272,0.7668775721088027
2024,2024-07-23,cnn_1d,mixed,1.366971259500569,0.7914825184035803
2024,2024-08-06,cnn_1d,mixed,1.7501837202784438,0.9483858304459134
2024,2024-08-20,cnn_1d,mixed,1.3468741849150496,0.7718909456542834
2024,2024-09-04,cnn_1d,mixed,0.8638657268458279,0.4508194280810437
2024,2024-09-18,cnn_1d,mixed,0.8169649137988964,0.4154442159201897
2024,2024-10-02,cnn_1d,mixed,2.2079512615428776,1.074595363608414
2024,2024-10-16,cnn_1d,mixed,0.8994334666895806,0.4685837115358912
2024,2024-10-30,cnn_1d,mixed,2.042213766266146,1.0283340318328196
2024,2024-11-13,cnn_1d,mixed,0.907450162277704,0.4759788101352591
2024,2024-11-27,cnn_1d,mixed,1.0317505531613336,0.5550479567096451
2024,2024-12-11,cnn_1d,mixed,1.0289140219498718,0.5531337018095204
2024,2024-12-27,cnn_1d,mixed,1.796045622904728,0.931373071997648
2024,2024-01-02,cnn_visual,raw,1.0896143913269043,0.5852618701115719
2024,2024-01-16,cnn_visual,raw,1.0902769565582275,0.585689469669997
2024,2024-01-30,cnn_visual,raw,1.087728500366211,0.5845596815479331
2024,2024-02-13,cnn_visual,raw,1.0618314743041992,0.5692706090793364
2024,2024-02-27,cnn_visual,raw,1.0105606317520142,0.5385274077840226
2024,2024-03-12,cnn_visual,raw,1.0001797676086426,0.532411541469793
2024,2024-03-26,cnn_visual,raw,0.9629758596420288,0.5094524855863781
2024,2024-04-11,cnn_visual,raw,1.4086320400238037,0.7848908299853626
2024,2024-04-25,cnn_visual,raw,1.4073141813278198,0.7794866236587267
2024,2024-05-13,cnn_visual,raw,1.406920075416565,0.7821302856226948
2024,2024-05-28,cnn_visual,raw,1.702624797821045,0.9104051179498448
2024,2024-06-11,cnn_visual,raw,0.9536684155464172,0.5035339797338895
2024,2024-06-25,cnn_visual,raw,1.6326987743377686,0.8767221017981005
2024,2024-07-09,cnn_visual,raw,1.407303810119629,0.7797026066065227
2024,2024-07-23,cnn_visual,raw,1.4037628173828125,0.7832774335869525
2024,2024-08-06,cnn_visual,raw,1.7070574760437012,0.9114127580946646
2024,2024-08-20,cnn_visual,raw,1.401344656944275,0.7768357850032253
2024,2024-09-04,cnn_visual,raw,0.9917515516281128,0.5270209769410403
2024,2024-09-18,cnn_visual,raw,0.9542117118835448,0.5039890365775221
2024,2024-10-02,cnn_visual,raw,1.6977155208587646,0.9073866626957208
2024,2024-10-16,cnn_visual,raw,0.9583897590637208,0.5053301547642082
2024,2024-10-30,cnn_visual,raw,1.690527319908142,0.9036654795954132
2024,2024-11-13,cnn_visual,raw,1.0092092752456665,0.5366830180839778
2024,2024-11-27,cnn_visual,raw,1.0856819152832031,0.583061782120527
2024,2024-12-11,cnn_visual,raw,1.1112912893295288,0.598407760665398
2024,2024-12-27,cnn_visual,raw,1.6162352561950684,0.8591924628639256
2024,2024-01-02,cnn_visual,mixed,1.0719872115786608,0.5741377457294365
2024,2024-01-16,cnn_visual,mixed,1.072507953445642,0.5744699427208336
2024,2024-01-30,cnn_visual,mixed,1.0705045832476976,0.573587172871643
2024,2024-02-13,cnn_visual,mixed,1.0500846101676111,0.5614620357281997
2024,2024-02-27,cnn_visual,mixed,1.0093316309339222,0.5369742055754686
2024,2024-03-12,cnn_visual,mixed,1.0010285381847437,0.5320809401137018
2024,2024-03-26,cnn_visual,mixed,0.9711304468799212,0.5136711246167236
2024,2024-04-11,cnn_visual,mixed,1.4088846740579064,0.7828364705145451
2024,2024-04-25,cnn_visual,mixed,1.407829962069841,0.7785750432855345
2024,2024-05-13,cnn_visual,mixed,1.407514477603439,0.7806604510952045
2024,2024-05-28,cnn_visual,mixed,1.7131073417335922,0.9118123103004646
2024,2024-06-11,cnn_visual,mixed,0.9636167627574094,0.508911252529119
2024,2024-06-25,cnn_visual,mixed,1.6285088264600245,0.8742316950045123
2024,2024-07-09,cnn_visual,mixed,1.4078216794065526,0.7787448239241983
2024,2024-07-23,cnn_visual,mixed,1.4049864052006558,0.7815222951087233
2024,2024-08-06,cnn_visual,mixed,1.6872925103180163,0.9019064314964153
2024,2024-08-20,cnn_visual,mixed,1.4030490158420617,0.7764478639110952
2024,2024-09-04,cnn_visual,mixed,0.9942744948946788,0.5277686481345766
2024,2024-09-18,cnn_visual,mixed,0.964055796515001,0.5092654900760591
2024,2024-10-02,cnn_visual,mixed,1.7091366536160535,0.909416944745238
2024,2024-10-16,cnn_visual,mixed,0.9674298660723628,0.5103646729420085
2024,2024-10-30,cnn_visual,mixed,1.703315962872895,0.9064421509455526
2024,2024-11-13,cnn_visual,mixed,1.0082516973605298,0.5354735233353797
2024,2024-11-27,cnn_visual,mixed,1.0688949125033984,0.5723135881234334
2024,2024-12-11,cnn_visual,mixed,1.0889860719884523,0.5844729824127552
2024,2024-12-27,cnn_visual,mixed,1.6426997100606562,0.8704783753246379
2024,2024-01-02,historical,raw,1.0044306497803108,0.531039043402767
2024,2024-01-16,historical,raw,1.0044306497803108,0.531039043402767
2024,2024-01-30,historical,raw,1.0044306497803108,0.531039043402767
2024,2024-02-13,historical,raw,1.0044306497803108,0.531039043402767
2024,2024-02-27,historical,raw,1.0044306497803108,0.531039043402767
2024,2024-03-12,historical,raw,1.0044306497803108,0.531039043402767
2024,2024-03-26,historical,raw,1.0044306497803108,0.531039043402767
2024,2024-04-11,historical,raw,1.4098957578884752,0.7752077778940822
2024,2024-04-25,historical,raw,1.4098957578884752,0.7752077778940822
2024,2024-05-13,historical,raw,1.4098957578884752,0.7752077778940822
2024,2024-05-28,historical,raw,1.756171994606309,0.9181358175963154
2024,2024-06-11,historical,raw,1.0044306497803108,0.531039043402767
2024,2024-06-25,historical,raw,1.6119223857617622,0.8645378027079779
2024,2024-07-09,historical,raw,1.4098957578884752,0.7752077778940822
2024,2024-07-23,historical,raw,1.4098957578884752,0.7752077778940822
2024,2024-08-06,historical,raw,1.6119223857617622,0.8645378027079779
2024,2024-08-20,historical,raw,1.4098957578884752,0.7752077778940822
2024,2024-09-04,historical,raw,1.0044306497803108,0.531039043402767
2024,2024-09-18,historical,raw,1.0044306497803108,0.531039043402767
2024,2024-10-02,historical,raw,1.756171994606309,0.9181358175963154
2024,2024-10-16,historical,raw,1.0044306497803108,0.531039043402767
2024,2024-10-30,historical,raw,1.756171994606309,0.9181358175963154
2024,2024-11-13,historical,raw,1.0044306497803108,0.531039043402767
2024,2024-11-27,historical,raw,1.0044306497803108,0.531039043402767
2024,2024-12-11,historical,raw,1.0044306497803108,0.531039043402767
2024,2024-12-27,historical,raw,1.756171994606309,0.9181358175963154
2024,2024-01-02,historical,mixed,1.0044306497803108,0.531039043402767
2024,2024-01-16,historical,mixed,1.0044306497803108,0.531039043402767
2024,2024-01-30,historical,mixed,1.0044306497803108,0.531039043402767
2024,2024-02-13,historical,mixed,1.0044306497803108,0.531039043402767
2024,2024-02-27,historical,mixed,1.0044306497803108,0.531039043402767
2024,2024-03-12,historical,mixed,1.0044306497803108,0.531039043402767
2024,2024-03-26,historical,mixed,1.0044306497803108,0.531039043402767
2024,2024-04-11,historical,mixed,1.4098957578884752,0.7752077778940822
2024,2024-04-25,historical,mixed,1.4098957578884752,0.7752077778940822
2024,2024-05-13,historical,mixed,1.4098957578884752,0.7752077778940822
2024,2024-05-28,historical,mixed,1.7561719946063088,0.9181358175963156
2024,2024-06-11,historical,mixed,1.0044306497803108,0.531039043402767
2024,2024-06-25,historical,mixed,1.6119223857617622,0.864537802707978
2024,2024-07-09,historical,mixed,1.4098957578884752,0.7752077778940822
2024,2024-07-23,historical,mixed,1.4098957578884752,0.7752077778940822
2024,2024-08-06,historical,mixed,1.6119223857617622,0.864537802707978
2024,2024-08-20,historical,mixed,1.4098957578884752,0.7752077778940822
2024,2024-09-04,historical,mixed,1.0044306497803108,0.531039043402767
2024,2024-09-18,historical,mixed,1.0044306497803108,0.531039043402767
2024,2024-10-02,historical,mixed,1.7561719946063088,0.9181358175963156
2024,2024-10-16,historical,mixed,1.0044306497803108,0.531039043402767
2024,2024-10-30,historical,mixed,1.7561719946063088,0.9181358175963156
2024,2024-11-13,historical,mixed,1.0044306497803108,0.531039043402767
2024,2024-11-27,historical,mixed,1.0044306497803108,0.531039043402767
2024,2024-12-11,historical,mixed,1.0044306497803108,0.531039043402767
2024,2024-12-27,historical,mixed,1.7561719946063088,0.9181358175963156
2025,2025-01-13,tabular,raw,1.415764093399048,0.7630363670728016
2025,2025-01-27,tabular,raw,1.2348647117614746,0.7029785389640478
2025,2025-02-10,tabular,raw,1.2755708694458008,0.7199836743673842
2025,2025-02-24,tabular,raw,1.6497807502746582,0.8797485772712911
2025,2025-03-10,tabular,raw,1.4751850366592407,0.8142664036273927
2025,2025-03-24,tabular,raw,1.3244695663452148,0.7623189726912298
2025,2025-04-07,tabular,raw,1.4580358266830444,0.7812000119259935
2025,2025-04-23,tabular,raw,4.2184157371521,1.6148324931919813
2025,2025-05-09,tabular,raw,1.645982265472412,0.8842222884098521
2025,2025-05-23,tabular,raw,1.1574411392211914,0.6634803155404145
2025,2025-06-09,tabular,raw,1.6513828039169312,1.0170413024288902
2025,2025-06-23,tabular,raw,1.4389703273773191,0.785766424227596
2025,2025-07-07,tabular,raw,2.197599411010742,1.123454479049184
2025,2025-07-21,tabular,raw,2.4810659885406494,1.1801274561213415
2025,2025-08-04,tabular,raw,1.51379132270813,0.8642233325408063
2025,2025-08-18,tabular,raw,1.072333812713623,0.5939168852552009
2025,2025-09-02,tabular,raw,2.1085526943206787,1.1208716161451662
2025,2025-09-16,tabular,raw,1.1325955390930176,0.6118492312446776
2025,2025-09-30,tabular,raw,1.136141061782837,0.6237233536559601
2025,2025-10-14,tabular,raw,1.0074820518493652,0.5415559922334625
2025,2025-10-28,tabular,raw,0.7793607711791992,0.3906377912400276
2025,2025-11-11,tabular,raw,0.9454100131988524,0.5038279397842697
2025,2025-11-25,tabular,raw,1.509446144104004,0.8779326909466711
2025,2025-12-09,tabular,raw,1.9968265295028689,0.996621117079817
2025,2025-12-23,tabular,raw,2.268198251724243,1.1755814474978763
2025,2025-01-13,tabular,mixed,1.4509355561378183,0.77904552208802
2025,2025-01-27,tabular,mixed,1.3131380304668705,0.7386154329114729
2025,2025-02-10,tabular,mixed,1.3334132321614836,0.7465899974750081
2025,2025-02-24,tabular,mixed,1.6407609501918232,0.8756848530488627
2025,2025-03-10,tabular,mixed,1.364031500104191,0.7498063515354867
2025,2025-03-24,tabular,mixed,1.345473908489338,0.7653298130215466
2025,2025-04-07,tabular,mixed,1.48583556944032,0.7937106166046527
2025,2025-04-23,tabular,mixed,3.0354520562132707,1.4331481789788536
2025,2025-05-09,tabular,mixed,1.483257097575422,0.8036864334729431
2025,2025-05-23,tabular,mixed,1.1267940824780054,0.6335427065507573
2025,2025-06-09,tabular,mixed,1.486925446465581,0.8858475873423469
2025,2025-06-23,tabular,mixed,1.4701267059076064,0.7988120526118792
2025,2025-07-07,tabular,mixed,1.8232836293298895,0.9822705279676396
2025,2025-07-21,tabular,mixed,2.1664446754618933,1.0913569049269631
2025,2025-08-04,tabular,mixed,1.4973586991413528,0.8451481454057463
2025,2025-08-18,tabular,mixed,1.060143248053084,0.5804685755712297
2025,2025-09-02,tabular,mixed,1.9856618942676656,1.0620440307809853
2025,2025-09-16,tabular,mixed,1.1074641867942996,0.5960539279966062
2025,2025-09-30,tabular,mixed,1.227173756740082,0.674210169544166
2025,2025-10-14,tabular,mixed,1.008546384420565,0.5400257977335136
2025,2025-10-28,tabular,mixed,0.8218938892820352,0.4177646216581945
2025,2025-11-11,tabular,mixed,0.9585324575343788,0.5093731938047438
2025,2025-11-25,tabular,mixed,1.4939376679567586,0.8563869647375524
2025,2025-12-09,tabular,mixed,1.905345529942167,0.9682421939471412
2025,2025-12-23,tabular,mixed,2.128008648356575,1.1113058037605306
2025,2025-01-13,cnn_1d,raw,1.665617823600769,0.883245816235211
2025,2025-01-27,cnn_1d,raw,1.5857404470443726,0.8437564190798514
2025,2025-02-10,cnn_1d,raw,1.511180400848389,0.8070771937243674
2025,2025-02-24,cnn_1d,raw,1.5997763872146606,0.847720389516806
2025,2025-03-10,cnn_1d,raw,1.1187312602996826,0.6008117723412815
2025,2025-03-24,cnn_1d,raw,1.34874165058136,0.7288231458312849
2025,2025-04-07,cnn_1d,raw,1.5850707292556765,0.8414492098243634
2025,2025-04-23,cnn_1d,raw,1.5122841596603394,0.8083280827710743
2025,2025-05-09,cnn_1d,raw,1.284089207649231,0.6964463014052819
2025,2025-05-23,cnn_1d,raw,1.289341688156128,0.6992463515911729
2025,2025-06-09,cnn_1d,raw,1.3025881052017212,0.7060587745378043
2025,2025-06-23,cnn_1d,raw,1.454900145530701,0.7844230140163949
2025,2025-07-07,cnn_1d,raw,1.3425326347351074,0.7259316788632372
2025,2025-07-21,cnn_1d,raw,1.3672280311584473,0.7463963348256282
2025,2025-08-04,cnn_1d,raw,1.406851291656494,0.7737621572490369
2025,2025-08-18,cnn_1d,raw,1.0251858234405518,0.5439022348136409
2025,2025-09-02,cnn_1d,raw,1.704692244529724,0.8997355727225647
2025,2025-09-16,cnn_1d,raw,1.0053558349609375,0.5305108696295636
2025,2025-09-30,cnn_1d,raw,1.7598050832748413,0.9322103766735452
2025,2025-10-14,cnn_1d,raw,0.9376729726791382,0.4898829164014112
2025,2025-10-28,cnn_1d,raw,0.92671000957489,0.4831948530872628
2025,2025-11-11,cnn_1d,raw,0.8343337178230286,0.4248770940324864
2025,2025-11-25,cnn_1d,raw,1.3976342678070068,0.8023737983843283
2025,2025-12-09,cnn_1d,raw,2.0531044006347656,1.0455021086761809
2025,2025-12-23,cnn_1d,raw,1.889808177947998,0.999160487511924
2025,2025-01-13,cnn_1d,mixed,1.6532961782791906,0.8785451319736879
2025,2025-01-27,cnn_1d,mixed,1.608876786751114,0.8543828631081847
2025,2025-02-10,cnn_1d,mixed,1.5293411978267288,0.8165305828821099
2025,2025-02-24,cnn_1d,mixed,1.600913308208632,0.8497854899214243
2025,2025-03-10,cnn_1d,mixed,1.0966314641535784,0.5874355777226906
2025,2025-03-24,cnn_1d,mixed,1.3652594135757488,0.7391169418308702
2025,2025-04-07,cnn_1d,mixed,1.5891181946969573,0.8445550118657198
2025,2025-04-23,cnn_1d,mixed,1.5483421312077668,0.8243183630815075
2025,2025-05-09,cnn_1d,mixed,1.2236275359705713,0.6625597846324639
2025,2025-05-23,cnn_1d,mixed,1.2275804632682432,0.6647567224726895
2025,2025-06-09,cnn_1d,mixed,1.2375264496422498,0.6700740289914091
2025,2025-06-23,cnn_1d,mixed,1.4832555463476926,0.7982837242175806
2025,2025-07-07,cnn_1d,mixed,1.2673184321333404,0.6854773433459359
2025,2025-07-21,cnn_1d,mixed,1.3802688948720017,0.753991501655915
2025,2025-08-04,cnn_1d,mixed,1.4122619717598968,0.7760761941378799
2025,2025-08-18,cnn_1d,mixed,1.0226994102958449,0.542211859288383
2025,2025-09-02,cnn_1d,mixed,1.6840453708711676,0.8917930161940801
2025,2025-09-16,cnn_1d,mixed,1.006843194413101,0.5313403950333588
2025,2025-09-30,cnn_1d,mixed,1.749055797253972,0.9251276806683416
2025,2025-10-14,cnn_1d,mixed,0.9522564456059026,0.4985531519147642
2025,2025-10-28,cnn_1d,mixed,0.94334811652889,0.4930894458928971
2025,2025-11-11,cnn_1d,mixed,0.8675721433071981,0.4454293179168676
2025,2025-11-25,cnn_1d,mixed,1.4048416710777734,0.7971651658315319
2025,2025-12-09,cnn_1d,mixed,1.9461170561425716,1.006298657664649
2025,2025-12-23,cnn_1d,mixed,1.8505162335981984,0.9769564380374716
2025,2025-01-13,cnn_visual,raw,1.917646050453186,0.9926157059590176
2025,2025-01-27,cnn_visual,raw,1.509825348854065,0.8410552136718399
2025,2025-02-10,cnn_visual,raw,1.899678468704224,0.9833422766447858
2025,2025-02-24,cnn_visual,raw,1.9120467901229856,0.9888978234278322
2025,2025-03-10,cnn_visual,raw,0.8873193264007568,0.4596938396923125
2025,2025-03-24,cnn_visual,raw,1.5702283382415771,0.8640037436604122
2025,2025-04-07,cnn_visual,raw,1.8833740949630735,0.9752512666404216
2025,2025-04-23,cnn_visual,raw,1.4893749952316284,0.8184906580561967
2025,2025-05-09,cnn_visual,raw,0.9473857283592224,0.4954968656705636
2025,2025-05-23,cnn_visual,raw,0.947733998298645,0.4955680441795707
2025,2025-06-09,cnn_visual,raw,0.9536014795303344,0.498967171962534
2025,2025-06-23,cnn_visual,raw,1.8238080739974976,0.947846671457351
2025,2025-07-07,cnn_visual,raw,0.9604565501213074,0.5026942246022259
2025,2025-07-21,cnn_visual,raw,1.5700019598007202,0.8644728240703836
2025,2025-08-04,cnn_visual,raw,1.5700639486312866,0.8670103534583816
2025,2025-08-18,cnn_visual,raw,0.8926785588264465,0.4628995358206947
2025,2025-09-02,cnn_visual,raw,1.9037474393844604,0.9852865218914176
2025,2025-09-16,cnn_visual,raw,0.8754304051399231,0.4525800266363969
2025,2025-09-30,cnn_visual,raw,1.524741291999817,0.8528696814677541
2025,2025-10-14,cnn_visual,raw,0.8609762191772461,0.4438345289263203
2025,2025-10-28,cnn_visual,raw,0.8623385429382324,0.4447061840857398
2025,2025-11-11,cnn_visual,raw,0.847529411315918,0.435550324858526
2025,2025-11-25,cnn_visual,raw,1.5800857543945312,0.8808482834565499
2025,2025-12-09,cnn_visual,raw,1.9575936794281008,1.01084123801509
2025,2025-12-23,cnn_visual,raw,1.5388240814208984,0.864438414560747
2025,2025-01-13,cnn_visual,mixed,1.8469285249678744,0.964858100161013
2025,2025-01-27,cnn_visual,mixed,1.5463024187124264,0.8515066091883893
2025,2025-02-10,cnn_visual,mixed,1.8335053505261536,0.957577853423884
2025,2025-02-24,cnn_visual,mixed,1.842752069289313,0.9619533246288314
2025,2025-03-10,cnn_visual,mixed,0.9111900586177,0.4736936877704732
2025,2025-03-24,cnn_visual,mixed,1.5415025289077775,0.8472068943236893
2025,2025-04-07,cnn_visual,mixed,1.8212720732204268,0.951239401255376
2025,2025-04-23,cnn_visual,mixed,1.52930495262652,0.8338875644783776
2025,2025-05-09,cnn_visual,mixed,0.9601336147514838,0.5027324366900181
2025,2025-05-23,cnn_visual,mixed,0.9604158427745676,0.5028001822652761
2025,2025-06-09,cnn_visual,mixed,0.9651670314746612,0.5055387782837013
2025,2025-06-23,cnn_visual,mixed,1.7761609324490788,0.9295905560154786
2025,2025-07-07,cnn_visual,mixed,0.9707112838027396,0.5085526497280437
2025,2025-07-21,cnn_visual,mixed,1.5413265644264469,0.8475792327340305
2025,2025-08-04,cnn_visual,mixed,1.5413747288412143,0.8495236028358865
2025,2025-08-18,cnn_visual,mixed,0.915578935430632,0.4763076420135877
2025,2025-09-02,cnn_visual,mixed,1.8365505316210229,0.9591307083619292
2025,2025-09-16,cnn_visual,mixed,0.9014387945963168,0.4678947032478422
2025,2025-09-30,cnn_visual,mixed,1.5586627013860188,0.8607549390182306
2025,2025-10-14,cnn_visual,mixed,0.8895554296015359,0.4607512709705257
2025,2025-10-28,cnn_visual,mixed,0.8906767325421426,0.4614611634338865
2025,2025-11-11,cnn_visual,mixed,0.8784729251392696,0.4539772411006109
2025,2025-11-25,cnn_visual,mixed,1.5491567340349952,0.8601611811583124
2025,2025-12-09,cnn_visual,mixed,1.8765523859870168,0.9791354788020048
2025,2025-12-23,cnn_visual,mixed,1.5703034934200086,0.8697569061477548
2025,2025-01-13,historical,raw,1.6054740226370012,0.860463087243094
2025,2025-01-27,historical,raw,1.707178227091717,0.8992980386994046
2025,2025-02-10,historical,raw,1.6054740226370012,0.860463087243094
2025,2025-02-24,historical,raw,1.6054740226370012,0.860463087243094
2025,2025-03-10,historical,raw,1.0128152409108817,0.535661675063041
2025,2025-03-24,historical,raw,1.4342023020296315,0.7854410219297664
2025,2025-04-07,historical,raw,1.6054740226370012,0.860463087243094
2025,2025-04-23,historical,raw,1.707178227091717,0.8992980386994046
2025,2025-05-09,historical,raw,1.0128152409108817,0.535661675063041
2025,2025-05-23,historical,raw,1.0128152409108817,0.535661675063041
2025,2025-06-09,historical,raw,1.0128152409108817,0.535661675063041
2025,2025-06-23,historical,raw,1.6054740226370012,0.860463087243094
2025,2025-07-07,historical,raw,1.0128152409108817,0.535661675063041
2025,2025-07-21,historical,raw,1.4342023020296315,0.7854410219297664
2025,2025-08-04,historical,raw,1.4342023020296315,0.7854410219297664
2025,2025-08-18,historical,raw,1.0128152409108817,0.535661675063041
2025,2025-09-02,historical,raw,1.6054740226370012,0.860463087243094
2025,2025-09-16,historical,raw,1.0128152409108817,0.535661675063041
2025,2025-09-30,historical,raw,1.707178227091717,0.8992980386994046
2025,2025-10-14,historical,raw,1.0128152409108817,0.535661675063041
2025,2025-10-28,historical,raw,1.0128152409108817,0.535661675063041
2025,2025-11-11,historical,raw,1.0128152409108817,0.535661675063041
2025,2025-11-25,historical,raw,1.4342023020296315,0.7854410219297664
2025,2025-12-09,historical,raw,1.6054740226370012,0.860463087243094
2025,2025-12-23,historical,raw,1.707178227091717,0.8992980386994046
2025,2025-01-13,historical,mixed,1.6054740226370012,0.860463087243094
2025,2025-01-27,historical,mixed,1.7071782270917168,0.8992980386994046
2025,2025-02-10,historical,mixed,1.6054740226370012,0.860463087243094
2025,2025-02-24,historical,mixed,1.6054740226370012,0.860463087243094
2025,2025-03-10,historical,mixed,1.0128152409108817,0.5356616750630409
2025,2025-03-24,historical,mixed,1.4342023020296315,0.7854410219297665
2025,2025-04-07,historical,mixed,1.6054740226370012,0.860463087243094
2025,2025-04-23,historical,mixed,1.7071782270917168,0.8992980386994046
2025,2025-05-09,historical,mixed,1.0128152409108817,0.5356616750630409
2025,2025-05-23,historical,mixed,1.0128152409108817,0.5356616750630409
2025,2025-06-09,historical,mixed,1.0128152409108817,0.5356616750630409
2025,2025-06-23,historical,mixed,1.6054740226370012,0.860463087243094
2025,2025-07-07,historical,mixed,1.0128152409108817,0.5356616750630409
2025,2025-07-21,historical,mixed,1.4342023020296315,0.7854410219297665
2025,2025-08-04,historical,mixed,1.4342023020296315,0.7854410219297665
2025,2025-08-18,historical,mixed,1.0128152409108817,0.5356616750630409
2025,2025-09-02,historical,mixed,1.6054740226370012,0.860463087243094
2025,2025-09-16,historical,mixed,1.0128152409108817,0.5356616750630409
2025,2025-09-30,historical,mixed,1.7071782270917168,0.8992980386994046
2025,2025-10-14,historical,mixed,1.0128152409108817,0.5356616750630409
2025,2025-10-28,historical,mixed,1.0128152409108817,0.5356616750630409
2025,2025-11-11,historical,mixed,1.0128152409108817,0.5356616750630409
2025,2025-11-25,historical,mixed,1.4342023020296315,0.7854410219297665
2025,2025-12-09,historical,mixed,1.6054740226370012,0.860463087243094
2025,2025-12-23,historical,mixed,1.7071782270917168,0.8992980386994046
2026,2026-01-09,tabular,raw,0.8496910333633423,0.4473823600534852
2026,2026-01-23,tabular,raw,0.7658519744873047,0.3792486305801749
2026,2026-02-06,tabular,raw,0.4601145386695862,0.1795047149624389
2026,2026-02-20,tabular,raw,6.959717750549316,1.2897522331106903
2026,2026-03-06,tabular,raw,0.7310749888420105,0.3779433387954123
2026,2026-03-20,tabular,raw,1.275768518447876,0.6909978565677982
2026,2026-04-07,tabular,raw,1.2137612104415894,0.6862391217340726
2026,2026-04-21,tabular,raw,1.3672975301742554,0.7455992811845846
2026,2026-05-07,tabular,raw,1.6682024002075195,0.9542878195692646
2026,2026-05-21,tabular,raw,2.4334793090820312,1.2129057574737827
2026,2026-06-05,tabular,raw,3.669020414352417,1.5557380878246474
2026,2026-06-19,tabular,raw,2.567990779876709,1.16827297664011
2026,2026-07-03,tabular,raw,0.7157325148582458,0.3688947907258519
2026,2026-07-17,tabular,raw,0.3865984678268432,0.1358165561699347
2026,2026-07-31,tabular,raw,2.07056212425232,1.0321889581188346
2026,2026-08-14,tabular,raw,2.479149341583252,1.1629158218911682
2026,2026-01-09,tabular,mixed,0.8821513480810186,0.4645936543269539
2026,2026-01-23,tabular,mixed,0.8123721878226008,0.4090926974542148
2026,2026-02-06,tabular,mixed,0.5502198694235632,0.236296249430248
2026,2026-02-20,tabular,mixed,6.19979969184536,1.279772563661168
2026,2026-03-06,tabular,mixed,0.7831443604092032,0.4061407426209618
2026,2026-03-20,tabular,mixed,1.220010893543839,0.6582731685358558
2026,2026-04-07,tabular,mixed,1.2511568169803575,0.6903170891218529
2026,2026-04-21,tabular,mixed,1.3769501739572103,0.7478354607956794
2026,2026-05-07,tabular,mixed,1.6741340429500278,0.936900201588946
2026,2026-05-21,tabular,mixed,2.131188301257668,1.1123650604344335
2026,2026-06-05,tabular,mixed,2.674918163385513,1.3635416676865142
2026,2026-06-19,tabular,mixed,2.208522120664643,1.078848311039244
2026,2026-07-03,tabular,mixed,0.7701988058922227,0.3943380967943273
2026,2026-07-17,tabular,mixed,0.4855722322073542,0.1949263450474746
2026,2026-07-31,tabular,mixed,1.901106573078511,0.978139866731868
2026,2026-08-14,tabular,mixed,2.157940213730257,1.076362411988229
2026,2026-01-09,cnn_1d,raw,0.7481671571731567,0.3682222739846787
2026,2026-01-23,cnn_1d,raw,0.7217103242874146,0.354052235581884
2026,2026-02-06,cnn_1d,raw,0.7555709481239319,0.3782012052366621
2026,2026-02-20,cnn_1d,raw,6.181169033050537,1.3101740548693044
2026,2026-03-06,cnn_1d,raw,0.7628498673439026,0.386136425596346
2026,2026-03-20,cnn_1d,raw,0.7003430128097534,0.3412517419763734
2026,2026-04-07,cnn_1d,raw,1.7621365785598757,1.0208579508068083
2026,2026-04-21,cnn_1d,raw,1.8993940353393557,1.052781786006008
2026,2026-05-07,cnn_1d,raw,2.323190689086914,1.1828365933865552
2026,2026-05-21,cnn_1d,raw,2.2548439502716064,1.1850909444258535
2026,2026-06-05,cnn_1d,raw,2.422121286392212,1.216737902473933
2026,2026-06-19,cnn_1d,raw,2.4658029079437256,1.1870143614767286
2026,2026-07-03,cnn_1d,raw,0.7694970369338989,0.375363027015255
2026,2026-07-17,cnn_1d,raw,0.645704448223114,0.296722615493932
2026,2026-07-31,cnn_1d,raw,2.033759593963623,1.0937919224989383
2026,2026-08-14,cnn_1d,raw,2.051243782043457,1.1093976607336573
2026,2026-01-09,cnn_1d,mixed,0.7975294833463399,0.4002636140729497
2026,2026-01-23,cnn_1d,mixed,0.7752464001389942,0.3882568736617061
2026,2026-02-06,cnn_1d,mixed,0.803748550991352,0.4083777353576137
2026,2026-02-20,cnn_1d,mixed,5.834545456708661,1.2953950936196246
2026,2026-03-06,cnn_1d,mixed,0.8098555460690815,0.4147678732674212
2026,2026-03-20,cnn_1d,mixed,0.7571825332686998,0.3777012281199196
2026,2026-04-07,cnn_1d,mixed,1.682796797036053,0.9650193287828628
2026,2026-04-21,cnn_1d,mixed,1.7823711968468272,0.9911355823790228
2026,2026-05-07,cnn_1d,mixed,2.163081801967828,1.1156826949955632
2026,2026-05-21,cnn_1d,mixed,2.021752069182275,1.0918201926684346
2026,2026-06-05,cnn_1d,mixed,2.124456748438328,1.116314699271142
2026,2026-06-19,cnn_1d,mixed,2.1501746739102177,1.094237025220463
2026,2026-07-03,cnn_1d,mixed,0.8154261509954075,0.4024627192177712
2026,2026-07-17,cnn_1d,mixed,0.7107240154405232,0.3380572138531567
2026,2026-07-31,cnn_1d,mixed,1.876105888816278,1.022299523936763
2026,2026-08-14,cnn_1d,mixed,1.8880200427995943,1.0339115247989208
2026,2026-01-09,cnn_visual,raw,0.8349034786224365,0.4349563711937495
2026,2026-01-23,cnn_visual,raw,0.8379924297332764,0.4365284886860851
2026,2026-02-06,cnn_visual,raw,0.8588094711303711,0.4499295895910623
2026,2026-02-20,cnn_visual,raw,5.836014270782471,1.2914360595855623
2026,2026-03-06,cnn_visual,raw,0.8467621207237244,0.4391297344135239
2026,2026-03-20,cnn_visual,raw,0.8316836357116699,0.4245137270490705
2026,2026-04-07,cnn_visual,raw,1.5679646730422974,0.8768490143077762
2026,2026-04-21,cnn_visual,raw,1.5835901498794556,0.8733625300704553
2026,2026-05-07,cnn_visual,raw,2.048268318176269,1.0287146832240022
2026,2026-05-21,cnn_visual,raw,1.614030122756958,0.8871784232822804
2026,2026-06-05,cnn_visual,raw,1.6602141857147217,0.9075325822042212
2026,2026-06-19,cnn_visual,raw,1.6561458110809326,0.913121590520714
2026,2026-07-03,cnn_visual,raw,0.845625638961792,0.4323496802396031
2026,2026-07-17,cnn_visual,raw,0.7928979992866516,0.3985433036338259
2026,2026-07-31,cnn_visual,raw,1.5233047008514404,0.8665159445282841
2026,2026-08-14,cnn_visual,raw,1.5143412351608276,0.861147555054088
2026,2026-01-09,cnn_visual,mixed,0.869915361176206,0.4547846633293685
2026,2026-01-23,cnn_visual,mixed,0.8724738863558723,0.4561108837782078
2026,2026-02-06,cnn_visual,mixed,0.889680759794383,0.4670729372670422
2026,2026-02-20,cnn_visual,mixed,5.624958482604512,1.2814467405786258
2026,2026-03-06,cnn_visual,mixed,0.8797302997505668,0.458527293709386
2026,2026-03-20,cnn_visual,mixed,0.8672469461666272,0.4468287160343834
2026,2026-04-07,cnn_visual,mixed,1.5357852527354765,0.8551505354784695
2026,2026-04-21,cnn_visual,mixed,1.5478684372969018,0.8527116273302988
2026,2026-05-07,cnn_visual,mixed,1.9677696394452695,1.0004578907686577
2026,2026-05-21,cnn_visual,mixed,1.571283884274108,0.8635792491422416
2026,2026-06-05,cnn_visual,mixed,1.6064926158197308,0.8795260520429123
2026,2026-06-19,cnn_visual,mixed,1.6034066845897603,0.8837228700842894
2026,2026-07-03,cnn_visual,mixed,0.8787905450434293,0.4532172087937721
2026,2026-07-17,cnn_visual,mixed,0.8349893970652781,0.4253961026231448
2026,2026-07-31,cnn_visual,mixed,1.5010161020963364,0.8465917586131816
2026,2026-08-14,cnn_visual,mixed,1.4939965174686487,0.84240015674235
2026,2026-01-09,historical,raw,1.023682332652684,0.5431621620897534
2026,2026-01-23,historical,raw,1.023682332652684,0.5431621620897534
2026,2026-02-06,historical,raw,1.023682332652684,0.5431621620897534
2026,2026-02-20,historical,raw,5.059028554112829,1.2489978111568436
2026,2026-03-06,historical,raw,1.023682332652684,0.5431621620897534
2026,2026-03-20,historical,raw,1.023682332652684,0.5431621620897534
2026,2026-04-07,historical,raw,1.4165203171810148,0.776588124773358
2026,2026-04-21,historical,raw,1.4165203171810148,0.776588124773358
2026,2026-05-07,historical,raw,1.6982192333559616,0.8956830036935645
2026,2026-05-21,historical,raw,1.4165203171810148,0.776588124773358
2026,2026-06-05,historical,raw,1.4165203171810148,0.776588124773358
2026,2026-06-19,historical,raw,1.4165203171810148,0.776588124773358
2026,2026-07-03,historical,raw,1.023682332652684,0.5431621620897534
2026,2026-07-17,historical,raw,1.023682332652684,0.5431621620897534
2026,2026-07-31,historical,raw,1.4165203171810148,0.776588124773358
2026,2026-08-14,historical,raw,1.4165203171810148,0.776588124773358
2026,2026-01-09,historical,mixed,1.023682332652684,0.5431621620897534
2026,2026-01-23,historical,mixed,1.023682332652684,0.5431621620897534
2026,2026-02-06,historical,mixed,1.023682332652684,0.5431621620897534
2026,2026-02-20,historical,mixed,5.059028554112829,1.2489978111568436
2026,2026-03-06,historical,mixed,1.023682332652684,0.5431621620897534
2026,2026-03-20,historical,mixed,1.023682332652684,0.5431621620897534
2026,2026-04-07,historical,mixed,1.4165203171810148,0.776588124773358
2026,2026-04-21,historical,mixed,1.4165203171810148,0.776588124773358
2026,2026-05-07,historical,mixed,1.6982192333559616,0.8956830036935645
2026,2026-05-21,historical,mixed,1.4165203171810148,0.776588124773358
2026,2026-06-05,historical,mixed,1.4165203171810148,0.776588124773358
2026,2026-06-19,historical,mixed,1.4165203171810148,0.776588124773358
2026,2026-07-03,historical,mixed,1.023682332652684,0.5431621620897534
2026,2026-07-17,historical,mixed,1.023682332652684,0.5431621620897534
2026,2026-07-31,historical,mixed,1.4165203171810148,0.776588124773358
2026,2026-08-14,historical,mixed,1.4165203171810148,0.776588124773358
