date,label_end,year,model,hedge_oil,hedge_fx,reserve_eur,hedge_cost_eur,funding_eur,residual_loss_eur,shortfall_eur,total_cost_eur,forecast_objective_eur
2024-01-02,2024-01-16,2024,tabular,1.0,0.0,60000.0,1000.0,119.04761904761904,7148.972677041212,0.0,1119.047619047619,1127.038142918859
2024-01-02,2024-01-16,2024,cnn_1d,1.0,0.0,60000.0,1000.0,119.04761904761904,7148.972677041212,0.0,1119.047619047619,1129.1535500871075
2024-01-02,2024-01-16,2024,cnn_visual,1.0,0.0,60000.0,1000.0,119.04761904761904,7148.972677041212,0.0,1119.047619047619,1132.165151092165
2024-01-02,2024-01-16,2024,historical,1.0,0.0,60000.0,1000.0,119.04761904761904,7148.972677041212,0.0,1119.047619047619,1130.8138813205428
2024-01-16,2024-01-30,2024,tabular,1.0,0.0,60000.0,1000.0,119.04761904761904,3484.4311025255397,0.0,1119.047619047619,1132.1517766855115
2024-01-16,2024-01-30,2024,cnn_1d,1.0,0.0,60000.0,1000.0,119.04761904761904,3484.4311025255397,0.0,1119.047619047619,1129.4074697197232
2024-01-16,2024-01-30,2024,cnn_visual,1.0,0.0,60000.0,1000.0,119.04761904761904,3484.4311025255397,0.0,1119.047619047619,1132.1642331181527
2024-01-16,2024-01-30,2024,historical,1.0,0.0,60000.0,1000.0,119.04761904761904,3484.4311025255397,0.0,1119.047619047619,1130.8138813205428
2024-01-30,2024-02-13,2024,tabular,1.0,0.0,55000.0,1000.0,109.12698412698413,4944.440236742504,0.0,1109.126984126984,1122.9104096699311
2024-01-30,2024-02-13,2024,cnn_1d,1.0,0.0,60000.0,1000.0,119.04761904761904,4944.440236742504,0.0,1119.047619047619,1129.3901229733879
2024-01-30,2024-02-13,2024,cnn_visual,1.0,0.0,60000.0,1000.0,119.04761904761904,4944.440236742504,0.0,1119.047619047619,1132.1353181064724
2024-01-30,2024-02-13,2024,historical,1.0,0.0,60000.0,1000.0,119.04761904761904,4944.440236742504,0.0,1119.047619047619,1130.8138813205428
2024-02-13,2024-02-27,2024,tabular,1.0,0.0,65000.0,1000.0,128.96825396825395,-5740.223288749232,0.0,1128.968253968254,1137.175749942613
2024-02-13,2024-02-27,2024,cnn_1d,1.0,0.0,60000.0,1000.0,119.04761904761904,-5740.223288749232,0.0,1119.047619047619,1129.3750040664759
2024-02-13,2024-02-27,2024,cnn_visual,1.0,0.0,60000.0,1000.0,119.04761904761904,-5740.223288749232,0.0,1119.047619047619,1131.9988596304204
2024-02-13,2024-02-27,2024,historical,1.0,0.0,60000.0,1000.0,119.04761904761904,-5740.223288749232,0.0,1119.047619047619,1130.8138813205428
2024-02-27,2024-03-12,2024,tabular,1.0,0.0,60000.0,1000.0,119.04761904761904,-5487.336142956692,0.0,1119.047619047619,1130.4902519711093
2024-02-27,2024-03-12,2024,cnn_1d,1.0,0.0,60000.0,1000.0,119.04761904761904,-5487.336142956692,0.0,1119.047619047619,1128.9739707501408
2024-02-27,2024-03-12,2024,cnn_visual,1.0,0.0,60000.0,1000.0,119.04761904761904,-5487.336142956692,0.0,1119.047619047619,1131.7101720228422
2024-02-27,2024-03-12,2024,historical,1.0,0.0,60000.0,1000.0,119.04761904761904,-5487.336142956692,0.0,1119.047619047619,1130.8138813205428
2024-03-12,2024-03-26,2024,tabular,1.0,0.0,60000.0,1000.0,119.04761904761904,5770.665036355447,0.0,1119.047619047619,1132.4067547069544
2024-03-12,2024-03-26,2024,cnn_1d,1.0,0.0,60000.0,1000.0,119.04761904761904,5770.665036355447,0.0,1119.047619047619,1128.3147127064485
2024-03-12,2024-03-26,2024,cnn_visual,1.0,0.0,60000.0,1000.0,119.04761904761904,5770.665036355447,0.0,1119.047619047619,1131.6263974783499
2024-03-12,2024-03-26,2024,historical,1.0,0.0,60000.0,1000.0,119.04761904761904,5770.665036355447,0.0,1119.047619047619,1130.8138813205428
2024-03-26,2024-04-11,2024,tabular,1.0,0.0,60000.0,1000.0,119.04761904761904,12506.656109398926,0.0,1119.047619047619,1128.0777890152806
2024-03-26,2024-04-11,2024,cnn_1d,1.0,0.0,60000.0,1000.0,119.04761904761904,12506.656109398926,0.0,1119.047619047619,1127.5230146203116
2024-03-26,2024-04-11,2024,cnn_visual,1.0,0.0,60000.0,1000.0,119.04761904761904,12506.656109398926,0.0,1119.047619047619,1131.4176545584762
2024-03-26,2024-04-11,2024,historical,1.0,0.0,60000.0,1000.0,119.04761904761904,12506.656109398926,0.0,1119.047619047619,1130.8138813205428
2024-04-11,2024-04-25,2024,tabular,1.0,0.0,60000.0,1000.0,119.04761904761904,808.4441167208814,0.0,1119.047619047619,1129.4087696697436
2024-04-11,2024-04-25,2024,cnn_1d,1.0,0.0,60000.0,1000.0,119.04761904761904,808.4441167208814,0.0,1119.047619047619,1127.828010344694
2024-04-11,2024-04-25,2024,cnn_visual,1.0,0.0,60000.0,1000.0,119.04761904761904,808.4441167208814,0.0,1119.047619047619,1131.3670198445584
2024-04-11,2024-04-25,2024,historical,1.0,0.0,60000.0,1000.0,119.04761904761904,808.4441167208814,0.0,1119.047619047619,1130.8138813205428
2024-04-25,2024-05-13,2024,tabular,1.0,0.0,60000.0,1000.0,119.04761904761904,-6559.664451371176,0.0,1119.047619047619,1127.4394434951291
2024-04-25,2024-05-13,2024,cnn_1d,1.0,0.0,60000.0,1000.0,119.04761904761904,-6559.664451371176,0.0,1119.047619047619,1128.542555707298
2024-04-25,2024-05-13,2024,cnn_visual,1.0,0.0,60000.0,1000.0,119.04761904761904,-6559.664451371176,0.0,1119.047619047619,1131.5918588172449
2024-04-25,2024-05-13,2024,historical,1.0,0.0,60000.0,1000.0,119.04761904761904,-6559.664451371176,0.0,1119.047619047619,1130.8138813205428
2024-05-13,2024-05-28,2024,tabular,1.0,0.0,60000.0,1000.0,119.04761904761904,-7818.002106047588,0.0,1119.047619047619,1132.57981355116
2024-05-13,2024-05-28,2024,cnn_1d,1.0,0.0,60000.0,1000.0,119.04761904761904,-7818.002106047588,0.0,1119.047619047619,1127.753995645826
2024-05-13,2024-05-28,2024,cnn_visual,1.0,0.0,60000.0,1000.0,119.04761904761904,-7818.002106047588,0.0,1119.047619047619,1131.4606990679056
2024-05-13,2024-05-28,2024,historical,1.0,0.0,60000.0,1000.0,119.04761904761904,-7818.002106047588,0.0,1119.047619047619,1130.8138813205428
2024-05-28,2024-06-11,2024,tabular,1.0,0.0,65000.0,1000.0,128.96825396825395,13958.643788307341,0.0,1128.968253968254,1133.5283638526764
2024-05-28,2024-06-11,2024,cnn_1d,1.0,0.0,60000.0,1000.0,119.04761904761904,13958.643788307341,0.0,1119.047619047619,1126.8179104568264
2024-05-28,2024-06-11,2024,cnn_visual,1.0,0.0,60000.0,1000.0,119.04761904761904,13958.643788307341,0.0,1119.047619047619,1131.3316601837062
2024-05-28,2024-06-11,2024,historical,1.0,0.0,60000.0,1000.0,119.04761904761904,13958.643788307341,0.0,1119.047619047619,1130.8138813205428
2024-06-11,2024-06-25,2024,tabular,1.0,0.0,60000.0,1000.0,119.04761904761904,1617.4638019459953,0.0,1119.047619047619,1126.8768243898296
2024-06-11,2024-06-25,2024,cnn_1d,1.0,0.0,60000.0,1000.0,119.04761904761904,1617.4638019459953,0.0,1119.047619047619,1127.20874531471
2024-06-11,2024-06-25,2024,cnn_visual,1.0,0.0,60000.0,1000.0,119.04761904761904,1617.4638019459953,0.0,1119.047619047619,1131.371943830397
2024-06-11,2024-06-25,2024,historical,1.0,0.0,60000.0,1000.0,119.04761904761904,1617.4638019459953,0.0,1119.047619047619,1130.8138813205428
2024-06-25,2024-07-09,2024,tabular,1.0,0.0,55000.0,1000.0,109.12698412698413,-9212.119425115121,0.0,1109.126984126984,1119.9107887393052
2024-06-25,2024-07-09,2024,cnn_1d,1.0,0.0,60000.0,1000.0,119.04761904761904,-9212.119425115121,0.0,1119.047619047619,1128.9157690379013
2024-06-25,2024-07-09,2024,cnn_visual,1.0,0.0,60000.0,1000.0,119.04761904761904,-9212.119425115121,0.0,1119.047619047619,1131.6769474509615
2024-06-25,2024-07-09,2024,historical,1.0,0.0,60000.0,1000.0,119.04761904761904,-9212.119425115121,0.0,1119.047619047619,1130.8138813205428
2024-07-09,2024-07-23,2024,tabular,1.0,0.0,60000.0,1000.0,119.04761904761904,-4026.0961561068425,0.0,1119.047619047619,1130.997642820587
2024-07-09,2024-07-23,2024,cnn_1d,1.0,0.0,60000.0,1000.0,119.04761904761904,-4026.0961561068425,0.0,1119.047619047619,1127.7108973459938
2024-07-09,2024-07-23,2024,cnn_visual,1.0,0.0,60000.0,1000.0,119.04761904761904,-4026.0961561068425,0.0,1119.047619047619,1131.581528589641
2024-07-09,2024-07-23,2024,historical,1.0,0.0,60000.0,1000.0,119.04761904761904,-4026.0961561068425,0.0,1119.047619047619,1130.8138813205428
2024-07-23,2024-08-06,2024,tabular,1.0,0.0,65000.0,1000.0,128.96825396825395,-4696.877998869697,0.0,1128.968253968254,1134.9145018248396
2024-07-23,2024-08-06,2024,cnn_1d,1.0,0.0,60000.0,1000.0,119.04761904761904,-4696.877998869697,0.0,1119.047619047619,1126.3896055010712
2024-07-23,2024-08-06,2024,cnn_visual,1.0,0.0,60000.0,1000.0,119.04761904761904,-4696.877998869697,0.0,1119.047619047619,1131.3266979295188
2024-07-23,2024-08-06,2024,historical,1.0,0.0,60000.0,1000.0,119.04761904761904,-4696.877998869697,0.0,1119.047619047619,1130.8138813205428
2024-08-06,2024-08-20,2024,tabular,1.0,0.0,60000.0,1000.0,119.04761904761904,-15690.96802933708,0.0,1119.047619047619,1129.1908736983278
2024-08-06,2024-08-20,2024,cnn_1d,1.0,0.0,60000.0,1000.0,119.04761904761904,-15690.96802933708,0.0,1119.047619047619,1126.5961896609979
2024-08-06,2024-08-20,2024,cnn_visual,1.0,0.0,60000.0,1000.0,119.04761904761904,-15690.96802933708,0.0,1119.047619047619,1131.3449387825685
2024-08-06,2024-08-20,2024,historical,1.0,0.0,60000.0,1000.0,119.04761904761904,-15690.96802933708,0.0,1119.047619047619,1130.8138813205428
2024-08-20,2024-09-04,2024,tabular,1.0,0.0,60000.0,1000.0,119.04761904761904,2913.8090824838705,0.0,1119.047619047619,1127.28825821909
2024-08-20,2024-09-04,2024,cnn_1d,1.0,0.0,60000.0,1000.0,119.04761904761904,2913.8090824838705,0.0,1119.047619047619,1127.6785710734728
2024-08-20,2024-09-04,2024,cnn_visual,1.0,0.0,60000.0,1000.0,119.04761904761904,2913.8090824838705,0.0,1119.047619047619,1131.5658054703695
2024-08-20,2024-09-04,2024,historical,1.0,0.0,60000.0,1000.0,119.04761904761904,2913.8090824838705,0.0,1119.047619047619,1130.8138813205428
2024-09-04,2024-09-18,2024,tabular,1.0,0.0,55000.0,1000.0,109.12698412698413,-6638.919985801713,0.0,1109.126984126984,1125.5610028414803
2024-09-04,2024-09-18,2024,cnn_1d,1.0,0.0,60000.0,1000.0,119.04761904761904,-6638.919985801713,0.0,1119.047619047619,1127.8474435674154
2024-09-04,2024-09-18,2024,cnn_visual,1.0,0.0,60000.0,1000.0,119.04761904761904,-6638.919985801713,0.0,1119.047619047619,1131.589635331931
2024-09-04,2024-09-18,2024,historical,1.0,0.0,60000.0,1000.0,119.04761904761904,-6638.919985801713,0.0,1119.047619047619,1130.8138813205428
2024-09-18,2024-10-02,2024,tabular,1.0,0.0,55000.0,1000.0,109.12698412698413,4809.124223470936,0.0,1109.126984126984,1122.9371143773656
2024-09-18,2024-10-02,2024,cnn_1d,1.0,0.0,60000.0,1000.0,119.04761904761904,4809.124223470936,0.0,1119.047619047619,1126.4016544517447
2024-09-18,2024-10-02,2024,cnn_visual,1.0,0.0,60000.0,1000.0,119.04761904761904,4809.124223470936,0.0,1119.047619047619,1131.3456209184183
2024-09-18,2024-10-02,2024,historical,1.0,0.0,60000.0,1000.0,119.04761904761904,4809.124223470936,0.0,1119.047619047619,1130.8138813205428
2024-10-02,2024-10-16,2024,tabular,1.0,0.0,65000.0,1000.0,128.96825396825395,15709.603569194103,0.0,1128.968253968254,1133.3069675419576
2024-10-02,2024-10-16,2024,cnn_1d,1.0,0.0,60000.0,1000.0,119.04761904761904,15709.603569194103,0.0,1119.047619047619,1126.536782131313
2024-10-02,2024-10-16,2024,cnn_visual,1.0,0.0,60000.0,1000.0,119.04761904761904,15709.603569194103,0.0,1119.047619047619,1131.380533648954
2024-10-02,2024-10-16,2024,historical,1.0,0.0,60000.0,1000.0,119.04761904761904,15709.603569194103,0.0,1119.047619047619,1130.8138813205428
2024-10-16,2024-10-30,2024,tabular,1.0,0.0,60000.0,1000.0,119.04761904761904,7536.765178985339,0.0,1119.047619047619,1127.820570405566
2024-10-16,2024-10-30,2024,cnn_1d,1.0,0.0,60000.0,1000.0,119.04761904761904,7536.765178985339,0.0,1119.047619047619,1127.7641229391602
2024-10-16,2024-10-30,2024,cnn_visual,1.0,0.0,60000.0,1000.0,119.04761904761904,7536.765178985339,0.0,1119.047619047619,1131.4571838129366
2024-10-16,2024-10-30,2024,historical,1.0,0.0,60000.0,1000.0,119.04761904761904,7536.765178985339,0.0,1119.047619047619,1130.8138813205428
2024-10-30,2024-11-13,2024,tabular,1.0,0.0,60000.0,1000.0,119.04761904761904,17415.634322723396,0.0,1119.047619047619,1128.5661923883927
2024-10-30,2024-11-13,2024,cnn_1d,1.0,0.0,60000.0,1000.0,119.04761904761904,17415.634322723396,0.0,1119.047619047619,1127.8868034169511
2024-10-30,2024-11-13,2024,cnn_visual,1.0,0.0,60000.0,1000.0,119.04761904761904,17415.634322723396,0.0,1119.047619047619,1131.45252807127
2024-10-30,2024-11-13,2024,historical,1.0,0.0,60000.0,1000.0,119.04761904761904,17415.634322723396,0.0,1119.047619047619,1130.8138813205428
2024-11-13,2024-11-27,2024,tabular,1.0,0.0,60000.0,1000.0,119.04761904761904,9439.967482381397,0.0,1119.047619047619,1131.7147410145271
2024-11-13,2024-11-27,2024,cnn_1d,1.0,0.0,60000.0,1000.0,119.04761904761904,9439.967482381397,0.0,1119.047619047619,1128.0503012753827
2024-11-13,2024-11-27,2024,cnn_visual,1.0,0.0,60000.0,1000.0,119.04761904761904,9439.967482381397,0.0,1119.047619047619,1131.6794411997257
2024-11-13,2024-11-27,2024,historical,1.0,0.0,60000.0,1000.0,119.04761904761904,9439.967482381397,0.0,1119.047619047619,1130.8138813205428
2024-11-27,2024-12-11,2024,tabular,1.0,0.0,60000.0,1000.0,119.04761904761904,2298.716860091206,0.0,1119.047619047619,1128.1965775663991
2024-11-27,2024-12-11,2024,cnn_1d,1.0,0.0,60000.0,1000.0,119.04761904761904,2298.716860091206,0.0,1119.047619047619,1129.2653452447614
2024-11-27,2024-12-11,2024,cnn_visual,1.0,0.0,60000.0,1000.0,119.04761904761904,2298.716860091206,0.0,1119.047619047619,1132.0893457969355
2024-11-27,2024-12-11,2024,historical,1.0,0.0,60000.0,1000.0,119.04761904761904,2298.716860091206,0.0,1119.047619047619,1130.8138813205428
2024-12-11,2024-12-27,2024,tabular,1.0,0.0,65000.0,1000.0,128.96825396825395,6843.269639465099,0.0,1128.968253968254,1133.3028624797641
2024-12-11,2024-12-27,2024,cnn_1d,1.0,0.0,60000.0,1000.0,119.04761904761904,6843.269639465099,0.0,1119.047619047619,1129.952831902977
2024-12-11,2024-12-27,2024,cnn_visual,1.0,0.0,60000.0,1000.0,119.04761904761904,6843.269639465099,0.0,1119.047619047619,1132.2067070043615
2024-12-11,2024-12-27,2024,historical,1.0,0.0,60000.0,1000.0,119.04761904761904,6843.269639465099,0.0,1119.047619047619,1130.8138813205428
2024-12-27,2025-01-13,2024,tabular,1.0,0.0,65000.0,1000.0,128.96825396825395,26049.929173810466,0.0,1128.968253968254,1134.9592463377746
2024-12-27,2025-01-13,2024,cnn_1d,1.0,0.0,60000.0,1000.0,119.04761904761904,26049.929173810466,0.0,1119.047619047619,1130.3539482412637
2024-12-27,2025-01-13,2024,cnn_visual,1.0,0.0,60000.0,1000.0,119.04761904761904,26049.929173810466,0.0,1119.047619047619,1132.227724558947
2024-12-27,2025-01-13,2024,historical,1.0,0.0,60000.0,1000.0,119.04761904761904,26049.929173810466,0.0,1119.047619047619,1130.8138813205428
2025-01-13,2025-01-27,2025,tabular,1.0,0.0,60000.0,1000.0,119.04761904761904,-29473.805585386952,0.0,1119.047619047619,1131.5128251943397
2025-01-13,2025-01-27,2025,cnn_1d,1.0,0.0,60000.0,1000.0,119.04761904761904,-29473.805585386952,0.0,1119.047619047619,1130.0255089545865
2025-01-13,2025-01-27,2025,cnn_visual,1.0,0.0,60000.0,1000.0,119.04761904761904,-29473.805585386952,0.0,1119.047619047619,1131.2398781708055
2025-01-13,2025-01-27,2025,historical,1.0,0.0,60000.0,1000.0,119.04761904761904,-29473.805585386952,0.0,1119.047619047619,1129.5105574765428
2025-01-27,2025-02-10,2025,tabular,1.0,0.0,65000.0,1000.0,128.96825396825395,20067.165077168276,0.0,1128.968253968254,1133.6577195866093
2025-01-27,2025-02-10,2025,cnn_1d,1.0,0.0,60000.0,1000.0,119.04761904761904,20067.165077168276,0.0,1119.047619047619,1130.5913302308272
2025-01-27,2025-02-10,2025,cnn_visual,1.0,0.0,60000.0,1000.0,119.04761904761904,20067.165077168276,0.0,1119.047619047619,1131.3367497051627
2025-01-27,2025-02-10,2025,historical,1.0,0.0,60000.0,1000.0,119.04761904761904,20067.165077168276,0.0,1119.047619047619,1129.5105574765428
2025-02-10,2025-02-24,2025,tabular,1.0,0.0,60000.0,1000.0,119.04761904761904,-13704.715874512427,0.0,1119.047619047619,1127.0766738590899
2025-02-10,2025-02-24,2025,cnn_1d,1.0,0.0,60000.0,1000.0,119.04761904761904,-13704.715874512427,0.0,1119.047619047619,1131.155993491004
2025-02-10,2025-02-24,2025,cnn_visual,1.0,0.0,60000.0,1000.0,119.04761904761904,-13704.715874512427,0.0,1119.047619047619,1131.355799652517
2025-02-10,2025-02-24,2025,historical,1.0,0.0,60000.0,1000.0,119.04761904761904,-13704.715874512427,0.0,1119.047619047619,1129.5105574765428
2025-02-24,2025-03-10,2025,tabular,1.0,0.0,60000.0,1000.0,119.04761904761904,-33169.06597480219,0.0,1119.047619047619,1129.7535155455914
2025-02-24,2025-03-10,2025,cnn_1d,1.0,0.0,60000.0,1000.0,119.04761904761904,-33169.06597480219,0.0,1119.047619047619,1130.6620663797453
2025-02-24,2025-03-10,2025,cnn_visual,1.0,0.0,60000.0,1000.0,119.04761904761904,-33169.06597480219,0.0,1119.047619047619,1131.290348624274
2025-02-24,2025-03-10,2025,historical,1.0,0.0,60000.0,1000.0,119.04761904761904,-33169.06597480219,0.0,1119.047619047619,1129.5105574765428
2025-03-10,2025-03-24,2025,tabular,1.0,0.0,65000.0,1000.0,128.96825396825395,2018.7428174992806,0.0,1128.968253968254,1134.6250133404812
2025-03-10,2025-03-24,2025,cnn_1d,1.0,0.0,60000.0,1000.0,119.04761904761904,2018.7428174992806,0.0,1119.047619047619,1130.4032467620998
2025-03-10,2025-03-24,2025,cnn_visual,1.0,0.0,60000.0,1000.0,119.04761904761904,2018.7428174992806,0.0,1119.047619047619,1131.2771697218207
2025-03-10,2025-03-24,2025,historical,1.0,0.0,60000.0,1000.0,119.04761904761904,2018.7428174992806,0.0,1119.047619047619,1129.5105574765428
2025-03-24,2025-04-07,2025,tabular,1.0,0.0,55000.0,1000.0,109.12698412698413,-11658.69159669379,0.0,1109.126984126984,1124.8588096373064
2025-03-24,2025-04-07,2025,cnn_1d,1.0,0.0,60000.0,1000.0,119.04761904761904,-11658.69159669379,0.0,1119.047619047619,1131.037045464665
2025-03-24,2025-04-07,2025,cnn_visual,1.0,0.0,60000.0,1000.0,119.04761904761904,-11658.69159669379,0.0,1119.047619047619,1131.3661034925428
2025-03-24,2025-04-07,2025,historical,1.0,0.0,60000.0,1000.0,119.04761904761904,-11658.69159669379,0.0,1119.047619047619,1129.5105574765428
2025-04-07,2025-04-23,2025,tabular,1.0,0.0,60000.0,1000.0,119.04761904761904,-40510.710430529456,0.0,1119.047619047619,1133.2147356897383
2025-04-07,2025-04-23,2025,cnn_1d,1.0,0.0,60000.0,1000.0,119.04761904761904,-40510.710430529456,0.0,1119.047619047619,1130.7624128823472
2025-04-07,2025-04-23,2025,cnn_visual,1.0,0.0,60000.0,1000.0,119.04761904761904,-40510.710430529456,0.0,1119.047619047619,1131.358468880295
2025-04-07,2025-04-23,2025,historical,1.0,0.0,60000.0,1000.0,119.04761904761904,-40510.710430529456,0.0,1119.047619047619,1129.5105574765428
2025-04-23,2025-05-09,2025,tabular,1.0,0.0,50000.0,1000.0,99.2063492063492,13637.42321057821,0.0,1099.2063492063492,1113.83537137566
2025-04-23,2025-05-09,2025,cnn_1d,1.0,0.0,60000.0,1000.0,119.04761904761904,13637.42321057821,0.0,1119.047619047619,1131.3117084544594
2025-04-23,2025-05-09,2025,cnn_visual,1.0,0.0,60000.0,1000.0,119.04761904761904,13637.42321057821,0.0,1119.047619047619,1131.5474183317604
2025-04-23,2025-05-09,2025,historical,1.0,0.0,60000.0,1000.0,119.04761904761904,13637.42321057821,0.0,1119.047619047619,1129.5105574765428
2025-05-09,2025-05-23,2025,tabular,1.0,0.0,65000.0,1000.0,128.96825396825395,-4413.494940101315,0.0,1128.968253968254,1134.8327975574139
2025-05-09,2025-05-23,2025,cnn_1d,1.0,0.0,60000.0,1000.0,119.04761904761904,-4413.494940101315,0.0,1119.047619047619,1131.0843323984625
2025-05-09,2025-05-23,2025,cnn_visual,1.0,0.0,60000.0,1000.0,119.04761904761904,-4413.494940101315,0.0,1119.047619047619,1131.546830082332
2025-05-09,2025-05-23,2025,historical,1.0,0.0,60000.0,1000.0,119.04761904761904,-4413.494940101315,0.0,1119.047619047619,1129.5105574765428
2025-05-23,2025-06-09,2025,tabular,1.0,0.0,60000.0,1000.0,119.04761904761904,-10037.904240775559,0.0,1119.047619047619,1126.4665314642025
2025-05-23,2025-06-09,2025,cnn_1d,1.0,0.0,60000.0,1000.0,119.04761904761904,-10037.904240775559,0.0,1119.047619047619,1131.1298638081892
2025-05-23,2025-06-09,2025,cnn_visual,1.0,0.0,60000.0,1000.0,119.04761904761904,-10037.904240775559,0.0,1119.047619047619,1131.5271683661813
2025-05-23,2025-06-09,2025,historical,1.0,0.0,60000.0,1000.0,119.04761904761904,-10037.904240775559,0.0,1119.047619047619,1129.5105574765428
2025-06-09,2025-06-23,2025,tabular,1.0,0.0,65000.0,1000.0,128.96825396825395,-5845.595554005267,0.0,1128.968253968254,1137.5135196321928
2025-06-09,2025-06-23,2025,cnn_1d,1.0,0.0,60000.0,1000.0,119.04761904761904,-5845.595554005267,0.0,1119.047619047619,1131.1362021593338
2025-06-09,2025-06-23,2025,cnn_visual,1.0,0.0,60000.0,1000.0,119.04761904761904,-5845.595554005267,0.0,1119.047619047619,1131.5566181263687
2025-06-09,2025-06-23,2025,historical,1.0,0.0,60000.0,1000.0,119.04761904761904,-5845.595554005267,0.0,1119.047619047619,1129.5105574765428
2025-06-23,2025-07-07,2025,tabular,1.0,0.0,60000.0,1000.0,119.04761904761904,-21126.3392524521,0.0,1119.047619047619,1128.976856124441
2025-06-23,2025-07-07,2025,cnn_1d,1.0,0.0,60000.0,1000.0,119.04761904761904,-21126.3392524521,0.0,1119.047619047619,1130.8124437457457
2025-06-23,2025-07-07,2025,cnn_visual,1.0,0.0,60000.0,1000.0,119.04761904761904,-21126.3392524521,0.0,1119.047619047619,1131.515420434907
2025-06-23,2025-07-07,2025,historical,1.0,0.0,60000.0,1000.0,119.04761904761904,-21126.3392524521,0.0,1119.047619047619,1129.5105574765428
2025-07-07,2025-07-21,2025,tabular,1.0,0.0,65000.0,1000.0,128.96825396825395,5226.242021994066,0.0,1128.968253968254,1134.086256563315
2025-07-07,2025-07-21,2025,cnn_1d,1.0,0.0,60000.0,1000.0,119.04761904761904,5226.242021994066,0.0,1119.047619047619,1131.3639099094637
2025-07-07,2025-07-21,2025,cnn_visual,1.0,0.0,60000.0,1000.0,119.04761904761904,5226.242021994066,0.0,1119.047619047619,1131.5571068516995
2025-07-07,2025-07-21,2025,historical,1.0,0.0,60000.0,1000.0,119.04761904761904,5226.242021994066,0.0,1119.047619047619,1129.5105574765428
2025-07-21,2025-08-04,2025,tabular,1.0,0.0,55000.0,1000.0,109.12698412698413,8530.302440094141,0.0,1109.126984126984,1125.898777135521
2025-07-21,2025-08-04,2025,cnn_1d,1.0,0.0,60000.0,1000.0,119.04761904761904,8530.302440094141,0.0,1119.047619047619,1130.2203684101032
2025-07-21,2025-08-04,2025,cnn_visual,1.0,0.0,60000.0,1000.0,119.04761904761904,8530.302440094141,0.0,1119.047619047619,1131.3255611137597
2025-07-21,2025-08-04,2025,historical,1.0,0.0,60000.0,1000.0,119.04761904761904,8530.302440094141,0.0,1119.047619047619,1129.5105574765428
2025-08-04,2025-08-18,2025,tabular,1.0,0.0,55000.0,1000.0,109.12698412698413,-9068.567575104727,0.0,1109.126984126984,1122.7243892592262
2025-08-04,2025-08-18,2025,cnn_1d,1.0,0.0,60000.0,1000.0,119.04761904761904,-9068.567575104727,0.0,1119.047619047619,1129.7269360655973
2025-08-04,2025-08-18,2025,cnn_visual,1.0,0.0,60000.0,1000.0,119.04761904761904,-9068.567575104727,0.0,1119.047619047619,1131.2399805711025
2025-08-04,2025-08-18,2025,historical,1.0,0.0,60000.0,1000.0,119.04761904761904,-9068.567575104727,0.0,1119.047619047619,1129.5105574765428
2025-08-18,2025-09-02,2025,tabular,1.0,0.0,60000.0,1000.0,119.04761904761904,2315.332221327009,0.0,1119.047619047619,1127.0166988573449
2025-08-18,2025-09-02,2025,cnn_1d,1.0,0.0,60000.0,1000.0,119.04761904761904,2315.332221327009,0.0,1119.047619047619,1129.804000679782
2025-08-18,2025-09-02,2025,cnn_visual,1.0,0.0,60000.0,1000.0,119.04761904761904,2315.332221327009,0.0,1119.047619047619,1131.2935070225144
2025-08-18,2025-09-02,2025,historical,1.0,0.0,60000.0,1000.0,119.04761904761904,2315.332221327009,0.0,1119.047619047619,1129.5105574765428
2025-09-02,2025-09-16,2025,tabular,1.0,0.0,55000.0,1000.0,109.12698412698413,-13956.40112479721,0.0,1109.126984126984,1122.0495387185351
2025-09-02,2025-09-16,2025,cnn_1d,1.0,0.0,60000.0,1000.0,119.04761904761904,-13956.40112479721,0.0,1119.047619047619,1129.7782290932012
2025-09-02,2025-09-16,2025,cnn_visual,1.0,0.0,60000.0,1000.0,119.04761904761904,-13956.40112479721,0.0,1119.047619047619,1131.266684342811
2025-09-02,2025-09-16,2025,historical,1.0,0.0,60000.0,1000.0,119.04761904761904,-13956.40112479721,0.0,1119.047619047619,1129.5105574765428
2025-09-16,2025-09-30,2025,tabular,1.0,0.0,60000.0,1000.0,119.04761904761904,5526.952564907064,0.0,1119.047619047619,1129.4863253629978
2025-09-16,2025-09-30,2025,cnn_1d,1.0,0.0,60000.0,1000.0,119.04761904761904,5526.952564907064,0.0,1119.047619047619,1129.6984292457403
2025-09-16,2025-09-30,2025,cnn_visual,1.0,0.0,60000.0,1000.0,119.04761904761904,5526.952564907064,0.0,1119.047619047619,1131.2268903384918
2025-09-16,2025-09-30,2025,historical,1.0,0.0,60000.0,1000.0,119.04761904761904,5526.952564907064,0.0,1119.047619047619,1129.5105574765428
2025-09-30,2025-10-14,2025,tabular,1.0,0.0,65000.0,1000.0,128.96825396825395,14961.883578354984,0.0,1128.968253968254,1134.0786808058065
2025-09-30,2025-10-14,2025,cnn_1d,1.0,0.0,60000.0,1000.0,119.04761904761904,14961.883578354984,0.0,1119.047619047619,1129.0814426322224
2025-09-30,2025-10-14,2025,cnn_visual,1.0,0.0,60000.0,1000.0,119.04761904761904,14961.883578354984,0.0,1119.047619047619,1131.1857864969832
2025-09-30,2025-10-14,2025,historical,1.0,0.0,60000.0,1000.0,119.04761904761904,14961.883578354984,0.0,1119.047619047619,1129.5105574765428
2025-10-14,2025-10-28,2025,tabular,1.0,0.0,60000.0,1000.0,119.04761904761904,-6729.053214865727,0.0,1119.047619047619,1129.3989171335356
2025-10-14,2025-10-28,2025,cnn_1d,1.0,0.0,60000.0,1000.0,119.04761904761904,-6729.053214865727,0.0,1119.047619047619,1129.195274233773
2025-10-14,2025-10-28,2025,cnn_visual,1.0,0.0,60000.0,1000.0,119.04761904761904,-6729.053214865727,0.0,1119.047619047619,1131.1586235546795
2025-10-14,2025-10-28,2025,historical,1.0,0.0,60000.0,1000.0,119.04761904761904,-6729.053214865727,0.0,1119.047619047619,1129.5105574765428
2025-10-28,2025-11-11,2025,tabular,1.0,0.0,60000.0,1000.0,119.04761904761904,4739.0042936812615,0.0,1119.047619047619,1127.9501224643932
2025-10-28,2025-11-11,2025,cnn_1d,1.0,0.0,60000.0,1000.0,119.04761904761904,4739.0042936812615,0.0,1119.047619047619,1129.1382019140062
2025-10-28,2025-11-11,2025,cnn_visual,1.0,0.0,60000.0,1000.0,119.04761904761904,4739.0042936812615,0.0,1119.047619047619,1131.170072399029
2025-10-28,2025-11-11,2025,historical,1.0,0.0,60000.0,1000.0,119.04761904761904,4739.0042936812615,0.0,1119.047619047619,1129.5105574765428
2025-11-11,2025-11-25,2025,tabular,1.0,0.0,60000.0,1000.0,119.04761904761904,2081.9718530354435,0.0,1119.047619047619,1126.7800940067393
2025-11-11,2025-11-25,2025,cnn_1d,1.0,0.0,60000.0,1000.0,119.04761904761904,2081.9718530354435,0.0,1119.047619047619,1128.4240328752333
2025-11-11,2025-11-25,2025,cnn_visual,1.0,0.0,60000.0,1000.0,119.04761904761904,2081.9718530354435,0.0,1119.047619047619,1131.075035275306
2025-11-11,2025-11-25,2025,historical,1.0,0.0,60000.0,1000.0,119.04761904761904,2081.9718530354435,0.0,1119.047619047619,1129.5105574765428
2025-11-25,2025-12-09,2025,tabular,1.0,0.0,60000.0,1000.0,119.04761904761904,-7231.999210154091,0.0,1119.047619047619,1127.7346894342854
2025-11-25,2025-12-09,2025,cnn_1d,1.0,0.0,60000.0,1000.0,119.04761904761904,-7231.999210154091,0.0,1119.047619047619,1128.3168054224711
2025-11-25,2025-12-09,2025,cnn_visual,1.0,0.0,60000.0,1000.0,119.04761904761904,-7231.999210154091,0.0,1119.047619047619,1131.0631550297605
2025-11-25,2025-12-09,2025,historical,1.0,0.0,60000.0,1000.0,119.04761904761904,-7231.999210154091,0.0,1119.047619047619,1129.5105574765428
2025-12-09,2025-12-23,2025,tabular,1.0,0.0,60000.0,1000.0,119.04761904761904,-12860.154930498958,0.0,1119.047619047619,1131.9118208101515
2025-12-09,2025-12-23,2025,cnn_1d,1.0,0.0,60000.0,1000.0,119.04761904761904,-12860.154930498958,0.0,1119.047619047619,1128.122796025532
2025-12-09,2025-12-23,2025,cnn_visual,1.0,0.0,60000.0,1000.0,119.04761904761904,-12860.154930498958,0.0,1119.047619047619,1131.055281071975
2025-12-09,2025-12-23,2025,historical,1.0,0.0,60000.0,1000.0,119.04761904761904,-12860.154930498958,0.0,1119.047619047619,1129.5105574765428
2025-12-23,2026-01-09,2025,tabular,1.0,0.0,55000.0,1000.0,109.12698412698413,12642.796867402578,0.0,1109.126984126984,1125.431890250109
2025-12-23,2026-01-09,2025,cnn_1d,1.0,0.0,60000.0,1000.0,119.04761904761904,12642.796867402578,0.0,1119.047619047619,1128.1133491253504
2025-12-23,2026-01-09,2025,cnn_visual,1.0,0.0,60000.0,1000.0,119.04761904761904,12642.796867402578,0.0,1119.047619047619,1131.0453081239018
2025-12-23,2026-01-09,2025,historical,1.0,0.0,60000.0,1000.0,119.04761904761904,12642.796867402578,0.0,1119.047619047619,1129.5105574765428
2026-01-09,2026-01-23,2026,tabular,1.0,0.0,60000.0,1000.0,119.04761904761904,-8915.379005239844,0.0,1119.047619047619,1126.7111570490788
2026-01-09,2026-01-23,2026,cnn_1d,1.0,0.0,60000.0,1000.0,119.04761904761904,-8915.379005239844,0.0,1119.047619047619,1126.5213904668092
2026-01-09,2026-01-23,2026,cnn_visual,1.0,0.0,60000.0,1000.0,119.04761904761904,-8915.379005239844,0.0,1119.047619047619,1126.3257024552236
2026-01-09,2026-01-23,2026,historical,1.0,0.0,60000.0,1000.0,119.04761904761904,-8915.379005239844,0.0,1119.047619047619,1128.4596946649042
2026-01-23,2026-02-06,2026,tabular,1.0,0.0,60000.0,1000.0,119.04761904761904,-4557.153275199264,0.0,1119.047619047619,1126.8985599234347
2026-01-23,2026-02-06,2026,cnn_1d,1.0,0.0,60000.0,1000.0,119.04761904761904,-4557.153275199264,0.0,1119.047619047619,1126.4490155642422
2026-01-23,2026-02-06,2026,cnn_visual,1.0,0.0,60000.0,1000.0,119.04761904761904,-4557.153275199264,0.0,1119.047619047619,1126.3538023966585
2026-01-23,2026-02-06,2026,historical,1.0,0.0,60000.0,1000.0,119.04761904761904,-4557.153275199264,0.0,1119.047619047619,1128.4596946649042
2026-02-06,2026-02-20,2026,tabular,1.0,0.0,55000.0,1000.0,109.12698412698413,2369.4634336935555,0.0,1109.126984126984,1122.707498252414
2026-02-06,2026-02-20,2026,cnn_1d,1.0,0.0,60000.0,1000.0,119.04761904761904,2369.4634336935555,0.0,1119.047619047619,1126.7121435362371
2026-02-06,2026-02-20,2026,cnn_visual,1.0,0.0,60000.0,1000.0,119.04761904761904,2369.4634336935555,0.0,1119.047619047619,1126.4421332403274
2026-02-06,2026-02-20,2026,historical,1.0,0.0,60000.0,1000.0,119.04761904761904,2369.4634336935555,0.0,1119.047619047619,1128.4596946649042
2026-02-20,2026-03-06,2026,tabular,1.0,0.0,60000.0,1000.0,119.04761904761904,23449.427524878774,0.0,1119.047619047619,1128.74938800817
2026-02-20,2026-03-06,2026,cnn_1d,1.0,0.0,60000.0,1000.0,119.04761904761904,23449.427524878774,0.0,1119.047619047619,1126.8315722701095
2026-02-20,2026-03-06,2026,cnn_visual,1.0,0.0,60000.0,1000.0,119.04761904761904,23449.427524878774,0.0,1119.047619047619,1126.4428601343654
2026-02-20,2026-03-06,2026,historical,1.0,0.0,60000.0,1000.0,119.04761904761904,23449.427524878774,0.0,1119.047619047619,1128.4596946649042
2026-03-06,2026-03-20,2026,tabular,1.0,0.0,55000.0,1000.0,109.12698412698413,642.2630452788125,0.0,1109.126984126984,1124.6453352218684
2026-03-06,2026-03-20,2026,cnn_1d,1.0,0.0,60000.0,1000.0,119.04761904761904,642.2630452788125,0.0,1119.047619047619,1126.8754188859323
2026-03-06,2026-03-20,2026,cnn_visual,1.0,0.0,60000.0,1000.0,119.04761904761904,642.2630452788125,0.0,1119.047619047619,1126.3945184048582
2026-03-06,2026-03-20,2026,historical,1.0,0.0,60000.0,1000.0,119.04761904761904,642.2630452788125,0.0,1119.047619047619,1128.4596946649042
2026-03-20,2026-04-07,2026,tabular,1.0,0.0,60000.0,1000.0,119.04761904761904,-201.97577936134635,0.0,1119.047619047619,1131.1464718654686
2026-03-20,2026-04-07,2026,cnn_1d,1.0,0.0,60000.0,1000.0,119.04761904761904,-201.97577936134635,0.0,1119.047619047619,1126.5610619298313
2026-03-20,2026-04-07,2026,cnn_visual,1.0,0.0,60000.0,1000.0,119.04761904761904,-201.97577936134635,0.0,1119.047619047619,1126.3023729222725
2026-03-20,2026-04-07,2026,historical,1.0,0.0,60000.0,1000.0,119.04761904761904,-201.97577936134635,0.0,1119.047619047619,1128.4596946649042
2026-04-07,2026-04-21,2026,tabular,1.0,0.0,65000.0,1000.0,128.96825396825395,-13705.445519304692,0.0,1128.968253968254,1134.1001571603401
2026-04-07,2026-04-21,2026,cnn_1d,1.0,0.0,55000.0,1000.0,109.12698412698413,-13705.445519304692,0.0,1109.126984126984,1125.0171483939855
2026-04-07,2026-04-21,2026,cnn_visual,1.0,0.0,60000.0,1000.0,119.04761904761904,-13705.445519304692,0.0,1119.047619047619,1126.2140023224376
2026-04-07,2026-04-21,2026,historical,1.0,0.0,60000.0,1000.0,119.04761904761904,-13705.445519304692,0.0,1119.047619047619,1128.4596946649042
2026-04-21,2026-05-07,2026,tabular,1.0,0.0,65000.0,1000.0,128.96825396825395,-244.5112248950776,0.0,1128.968253968254,1133.321034544496
2026-04-21,2026-05-07,2026,cnn_1d,1.0,0.0,55000.0,1000.0,109.12698412698413,-244.5112248950776,0.0,1109.126984126984,1124.7906848721852
2026-04-21,2026-05-07,2026,cnn_visual,1.0,0.0,60000.0,1000.0,119.04761904761904,-244.5112248950776,0.0,1119.047619047619,1126.3464187976087
2026-04-21,2026-05-07,2026,historical,1.0,0.0,60000.0,1000.0,119.04761904761904,-244.5112248950776,0.0,1119.047619047619,1128.4596946649042
2026-05-07,2026-05-21,2026,tabular,1.0,0.0,60000.0,1000.0,119.04761904761904,15324.711256934354,0.0,1119.047619047619,1128.6891385792792
2026-05-07,2026-05-21,2026,cnn_1d,1.0,0.0,55000.0,1000.0,109.12698412698413,15324.711256934354,0.0,1109.126984126984,1123.3059506450743
2026-05-07,2026-05-21,2026,cnn_visual,1.0,0.0,60000.0,1000.0,119.04761904761904,15324.711256934354,0.0,1119.047619047619,1126.235835720082
2026-05-07,2026-05-21,2026,historical,1.0,0.0,60000.0,1000.0,119.04761904761904,15324.711256934354,0.0,1119.047619047619,1128.4596946649042
2026-05-21,2026-06-05,2026,tabular,1.0,0.0,55000.0,1000.0,109.12698412698413,-3237.7942585968126,0.0,1109.126984126984,1119.146593373538
2026-05-21,2026-06-05,2026,cnn_1d,1.0,0.0,55000.0,1000.0,109.12698412698413,-3237.7942585968126,0.0,1109.126984126984,1122.6547280989112
2026-05-21,2026-06-05,2026,cnn_visual,1.0,0.0,60000.0,1000.0,119.04761904761904,-3237.7942585968126,0.0,1119.047619047619,1126.3166081910892
2026-05-21,2026-06-05,2026,historical,1.0,0.0,60000.0,1000.0,119.04761904761904,-3237.7942585968126,0.0,1119.047619047619,1128.4596946649042
2026-06-05,2026-06-19,2026,tabular,1.0,0.0,55000.0,1000.0,109.12698412698413,12476.940828554494,0.0,1109.126984126984,1119.3157483862303
2026-06-05,2026-06-19,2026,cnn_1d,1.0,0.0,55000.0,1000.0,109.12698412698413,12476.940828554494,0.0,1109.126984126984,1122.0872443494584
2026-06-05,2026-06-19,2026,cnn_visual,1.0,0.0,60000.0,1000.0,119.04761904761904,12476.940828554494,0.0,1119.047619047619,1126.179859887628
2026-06-05,2026-06-19,2026,historical,1.0,0.0,60000.0,1000.0,119.04761904761904,12476.940828554494,0.0,1119.047619047619,1128.4596946649042
2026-06-19,2026-07-03,2026,tabular,1.0,0.0,60000.0,1000.0,119.04761904761904,1416.688075710021,0.0,1119.047619047619,1126.4152102964458
2026-06-19,2026-07-03,2026,cnn_1d,1.0,0.0,55000.0,1000.0,109.12698412698413,1416.688075710021,0.0,1109.126984126984,1122.9653638122745
2026-06-19,2026-07-03,2026,cnn_visual,1.0,0.0,60000.0,1000.0,119.04761904761904,1416.688075710021,0.0,1119.047619047619,1126.04351098029
2026-06-19,2026-07-03,2026,historical,1.0,0.0,60000.0,1000.0,119.04761904761904,1416.688075710021,0.0,1119.047619047619,1128.4596946649042
2026-07-03,2026-07-17,2026,tabular,1.0,0.0,60000.0,1000.0,119.04761904761904,1407.171119128525,0.0,1119.047619047619,1128.9183583860229
2026-07-03,2026-07-17,2026,cnn_1d,1.0,0.0,60000.0,1000.0,119.04761904761904,1407.171119128525,0.0,1119.047619047619,1124.9118107374804
2026-07-03,2026-07-17,2026,cnn_visual,1.0,0.0,60000.0,1000.0,119.04761904761904,1407.171119128525,0.0,1119.047619047619,1126.3090520773942
2026-07-03,2026-07-17,2026,historical,1.0,0.0,60000.0,1000.0,119.04761904761904,1407.171119128525,0.0,1119.047619047619,1128.4596946649042
2026-07-17,2026-07-31,2026,tabular,1.0,0.0,55000.0,1000.0,109.12698412698413,-4964.971981836264,0.0,1109.126984126984,1122.5360197092234
2026-07-17,2026-07-31,2026,cnn_1d,1.0,0.0,55000.0,1000.0,109.12698412698413,-4964.971981836264,0.0,1109.126984126984,1124.2732593492149
2026-07-17,2026-07-31,2026,cnn_visual,1.0,0.0,60000.0,1000.0,119.04761904761904,-4964.971981836264,0.0,1119.047619047619,1126.082492053926
2026-07-17,2026-07-31,2026,historical,1.0,0.0,60000.0,1000.0,119.04761904761904,-4964.971981836264,0.0,1119.047619047619,1128.4596946649042
2026-07-31,2026-08-14,2026,tabular,1.0,0.0,60000.0,1000.0,119.04761904761904,-6728.643707426013,0.0,1119.047619047619,1129.3415846089276
2026-07-31,2026-08-14,2026,cnn_1d,1.0,0.0,55000.0,1000.0,109.12698412698413,-6728.643707426013,0.0,1109.126984126984,1124.2393212191314
2026-07-31,2026-08-14,2026,cnn_visual,1.0,0.0,60000.0,1000.0,119.04761904761904,-6728.643707426013,0.0,1119.047619047619,1126.1612636461875
2026-07-31,2026-08-14,2026,historical,1.0,0.0,60000.0,1000.0,119.04761904761904,-6728.643707426013,0.0,1119.047619047619,1128.4596946649042
2026-08-14,2026-08-28,2026,tabular,1.0,0.0,65000.0,1000.0,128.96825396825395,-6366.502634720137,0.0,1128.968253968254,1133.5978722608388
2026-08-14,2026-08-28,2026,cnn_1d,1.0,0.0,55000.0,1000.0,109.12698412698413,-6366.502634720137,0.0,1109.126984126984,1123.8031887767079
2026-08-14,2026-08-28,2026,cnn_visual,1.0,0.0,60000.0,1000.0,119.04761904761904,-6366.502634720137,0.0,1119.047619047619,1126.1973995864398
2026-08-14,2026-08-28,2026,historical,1.0,0.0,60000.0,1000.0,119.04761904761904,-6366.502634720137,0.0,1119.047619047619,1128.4596946649042
