year,date,model,observed_class,p0,p1,p2,p3,p4,p5
2024,2024-01-02,tabular,3,0.1034295558929443,0.0848569050431251,0.2505171000957489,0.5519088506698608,0.0004851114645134,0.0088025080040097
2024,2024-01-16,tabular,3,0.1972516924142837,0.1198277100920677,0.2240573465824127,0.4533004760742187,0.000465024553705,0.0050978381186723
2024,2024-01-30,tabular,3,0.061893031001091,0.0897447541356086,0.4771749675273895,0.3673643171787262,0.0002975000243168,0.0035254098474979
2024,2024-02-13,tabular,3,0.4550724923610687,0.1178671717643737,0.1859937012195587,0.2328644394874572,0.0004816831788048,0.0077204559929668
2024,2024-02-27,tabular,3,0.1667669415473938,0.1412800699472427,0.2315511852502823,0.4483967423439026,0.0004146109858993,0.0115904184058308
2024,2024-03-12,tabular,3,0.2019298821687698,0.0848474949598312,0.3114005625247955,0.394116461277008,0.0004500223440118,0.007255591917783
2024,2024-03-26,tabular,3,0.1225044056773185,0.140356108546257,0.3282929360866546,0.4007248878479004,0.0004032233555335,0.0077184713445603
2024,2024-04-11,tabular,2,0.1469245105981826,0.2140361219644546,0.2030483782291412,0.4217155873775482,0.0004485708486754,0.0138268629088997
2024,2024-04-25,tabular,2,0.1107923835515976,0.1154454424977302,0.3322809040546417,0.4299256205558777,0.0004823350755032,0.0110732754692435
2024,2024-05-13,tabular,2,0.2051050812005996,0.1189523860812187,0.2201887667179107,0.441135972738266,0.000630484893918,0.0139873474836349
2024,2024-05-28,tabular,0,0.2336523085832595,0.0915371179580688,0.2494990527629852,0.4108808040618896,0.0006075227865949,0.013823153451085
2024,2024-06-11,tabular,3,0.1004697605967521,0.0670194998383522,0.3455244302749634,0.4716804325580597,0.0004756530688609,0.0148302316665649
2024,2024-06-25,tabular,1,0.0390273183584213,0.1244367733597755,0.1702553629875183,0.6580925583839417,0.0003436836414039,0.0078442525118589
2024,2024-07-09,tabular,2,0.176076278090477,0.1908964067697525,0.1133606806397438,0.5091140270233154,0.0004577553481794,0.01009485963732
2024,2024-07-23,tabular,2,0.3177999556064605,0.1083074659109115,0.2104651629924774,0.3524854779243469,0.0005369696300476,0.0104049900546669
2024,2024-08-06,tabular,1,0.1429266631603241,0.0685309171676635,0.3945432305335998,0.3752800524234772,0.0004363860643934,0.0182827673852443
2024,2024-08-20,tabular,2,0.1080185323953628,0.1291267275810241,0.2503679096698761,0.495104432106018,0.0004689747584052,0.0169134773313999
2024,2024-09-04,tabular,3,0.0820981487631797,0.2221194952726364,0.1308819502592086,0.5553117990493774,0.0004383381747175,0.0091502796858549
2024,2024-09-18,tabular,3,0.062096606940031,0.074626587331295,0.4250841736793518,0.4254395663738251,0.0004236315726302,0.0123295113444328
2024,2024-10-02,tabular,0,0.2202121317386627,0.1092949360609054,0.2521713674068451,0.3996633291244507,0.0006085498607717,0.0180497895926237
2024,2024-10-16,tabular,3,0.1177850887179374,0.1045623421669006,0.2145584374666214,0.5506269335746765,0.0006424018647521,0.0118247587233781
2024,2024-10-30,tabular,0,0.1314653605222702,0.099332757294178,0.2664895355701446,0.4926165640354156,0.000487208541017,0.0096086235716938
2024,2024-11-13,tabular,3,0.1892331838607788,0.0665769353508949,0.3086881935596466,0.4126359224319458,0.0005291774868965,0.0223365407437086
2024,2024-11-27,tabular,3,0.1246838942170143,0.0926339849829673,0.4522988796234131,0.3120390772819519,0.0005264021456241,0.017817910760641
2024,2024-12-11,tabular,3,0.2199629098176956,0.1841239929199218,0.163731962442398,0.4242348074913025,0.0008917225059121,0.0070545994676649
2024,2024-12-27,tabular,0,0.3205162286758423,0.2233565002679824,0.1642512828111648,0.2879863977432251,0.0006406519678421,0.003248888766393
2024,2024-01-02,cnn_1d,3,0.142241895198822,0.1845827847719192,0.2597652375698089,0.4046300947666168,0.0007749723736196,0.0080051310360431
2024,2024-01-16,cnn_1d,3,0.1469006538391113,0.1748836487531662,0.268583208322525,0.4025774598121643,0.0005714637809433,0.0064835818484425
2024,2024-01-30,cnn_1d,3,0.1465823948383331,0.1579610258340835,0.2741861641407013,0.4147564768791199,0.00048603763571,0.0060279695317149
2024,2024-02-13,cnn_1d,3,0.1463049948215484,0.160812497138977,0.2719244360923767,0.4160022437572479,0.0003378410474397,0.0046180323697626
2024,2024-02-27,cnn_1d,3,0.1389470398426056,0.1494363099336624,0.2729435563087463,0.433254212141037,0.0003481768362689,0.0050706434994935
2024,2024-03-12,cnn_1d,3,0.126851350069046,0.1393879204988479,0.2752009928226471,0.4533826410770416,0.0002929233887698,0.0048841778188943
2024,2024-03-26,cnn_1d,3,0.1123257055878639,0.1303579658269882,0.27279794216156,0.4727878272533417,0.0008098050602711,0.010920743457973
2024,2024-04-11,cnn_1d,2,0.1179215982556343,0.1290305107831955,0.2745325565338135,0.4707404375076294,0.0004633909848053,0.0073114414699375
2024,2024-04-25,cnn_1d,2,0.1310316920280456,0.1485223621129989,0.2772858142852783,0.4362915754318237,0.0004694710951298,0.0063991411589086
2024,2024-05-13,cnn_1d,2,0.1165636181831359,0.1509217619895935,0.2730771005153656,0.4474651217460632,0.0008450408931821,0.011127314530313
2024,2024-05-28,cnn_1d,0,0.099388837814331,0.1521169245243072,0.2630824744701385,0.4563493728637695,0.0024401776026934,0.0266221389174461
2024,2024-06-11,cnn_1d,3,0.1065596714615821,0.16524738073349,0.2599003612995147,0.4422612190246582,0.0022305566817522,0.023800877854228
2024,2024-06-25,cnn_1d,1,0.137879192829132,0.1977487504482269,0.2643331885337829,0.3920082747936249,0.0006075307610444,0.0074230600148439
2024,2024-07-09,cnn_1d,2,0.1157728806138038,0.1779258102178573,0.2652626931667328,0.4257257878780365,0.001236722106114,0.0140761630609631
2024,2024-07-23,cnn_1d,2,0.0915305390954017,0.1578909158706665,0.2575550079345703,0.4624243080615997,0.0024189944379031,0.0281802341341972
2024,2024-08-06,cnn_1d,1,0.0953208431601524,0.167301595211029,0.2557495534420013,0.4512510001659393,0.0025443432386964,0.0278327669948339
2024,2024-08-20,cnn_1d,2,0.1151797845959663,0.1756888628005981,0.2640226483345032,0.4322690963745117,0.000917263503652,0.0119224479421973
2024,2024-09-04,cnn_1d,3,0.1182781308889389,0.1707529425621032,0.265537291765213,0.4353484809398651,0.0006820257985964,0.0094009889289736
2024,2024-09-18,cnn_1d,3,0.0917516201734542,0.1530306488275528,0.2575331032276153,0.4606497585773468,0.003107137279585,0.0339278168976306
2024,2024-10-02,cnn_1d,0,0.0942308530211448,0.1603276580572128,0.2549708187580108,0.4522287845611572,0.003340093884617,0.0349017567932605
2024,2024-10-16,cnn_1d,3,0.116749420762062,0.1929046511650085,0.2508403360843658,0.4169367849826813,0.0020107270684093,0.0205580163747072
2024,2024-10-30,cnn_1d,0,0.1190002933144569,0.1851512938737869,0.2495533376932144,0.4293656051158905,0.0014365181559696,0.0154928574338555
2024,2024-11-13,cnn_1d,3,0.1220000684261322,0.202627807855606,0.249772161245346,0.4128766059875488,0.0011176569387316,0.0116056893020868
2024,2024-11-27,cnn_1d,3,0.1442930400371551,0.2474239468574524,0.2494742721319198,0.3539148867130279,0.0004284187452867,0.0044654798693954
2024,2024-12-11,cnn_1d,3,0.1569066345691681,0.2244300842285156,0.261054664850235,0.3551803231239319,0.0001793199189705,0.0022488562390208
2024,2024-12-27,cnn_1d,0,0.1642661094665527,0.2346184104681015,0.2599922716617584,0.3377470076084137,0.000305391557049,0.0030708105769008
2024,2024-01-02,cnn_visual,3,0.197497084736824,0.21309694647789,0.2457063049077987,0.3363461792469024,0.0012847762554883,0.0060687982477247
2024,2024-01-16,cnn_visual,3,0.1974802315235138,0.214793711900711,0.2445133775472641,0.3361234068870544,0.0012383993016555,0.0058508836664259
2024,2024-01-30,cnn_visual,3,0.196949690580368,0.2124034762382507,0.2470419257879257,0.3369810879230499,0.0011282264022156,0.0054954933002591
2024,2024-02-13,cnn_visual,3,0.1944460272789001,0.2072884738445282,0.2459952682256698,0.3458218872547149,0.0010590821038931,0.0053891860879957
2024,2024-02-27,cnn_visual,3,0.1891493648290634,0.196729227900505,0.2440141588449478,0.3640148341655731,0.0009323192061856,0.005160073749721
2024,2024-03-12,cnn_visual,3,0.187612310051918,0.1918017417192459,0.2464456707239151,0.3678132891654968,0.0009574146824888,0.0053695291280746
2024,2024-03-26,cnn_visual,3,0.1837824136018753,0.1858744919300079,0.2426392287015915,0.3817551434040069,0.0008539747796021,0.0050947032868862
2024,2024-04-11,cnn_visual,2,0.1828534007072448,0.1830747872591018,0.2444774806499481,0.38353231549263,0.0008633267716504,0.005198701750487
2024,2024-04-25,cnn_visual,2,0.1869786083698272,0.1919120103120803,0.2447998821735382,0.3705991804599762,0.0008389934664592,0.0048712971620261
2024,2024-05-13,cnn_visual,2,0.1845721751451492,0.1861446797847747,0.2448963969945907,0.3784247934818268,0.0008587359334342,0.0051032295450568
2024,2024-05-28,cnn_visual,0,0.1822046339511871,0.1816643327474594,0.243865892291069,0.3861542046070099,0.0008631384698674,0.0052477861754596
2024,2024-06-11,cnn_visual,3,0.1829437166452407,0.1842358559370041,0.2413898855447769,0.3853248953819275,0.0008703264757059,0.0052351802587509
2024,2024-06-25,cnn_visual,1,0.1885397732257843,0.1954015046358108,0.2433215826749801,0.3668306469917297,0.0008847116259858,0.0050217611715197
2024,2024-07-09,cnn_visual,2,0.1867890655994415,0.1907732933759689,0.2448024153709411,0.3715738654136657,0.0008971986826509,0.005164093337953
2024,2024-07-23,cnn_visual,2,0.1821135878562927,0.1803948283195495,0.245670810341835,0.3853907287120819,0.000916332588531,0.0055136927403509
2024,2024-08-06,cnn_visual,1,0.1824482530355453,0.181398794054985,0.2450620085000991,0.384617269039154,0.0009266853448934,0.0055469167418777
2024,2024-08-20,cnn_visual,2,0.186500608921051,0.1892479658126831,0.2462656050920486,0.3716081380844116,0.0009492544922977,0.0054284315556287
2024,2024-09-04,cnn_visual,3,0.1869378387928009,0.1914460361003875,0.2442525029182434,0.3709264397621155,0.0009727460565045,0.0054645240306854
2024,2024-09-18,cnn_visual,3,0.1824607700109481,0.1814410984516143,0.2442525625228881,0.3851155936717987,0.0009734618943184,0.0057564489543437
2024,2024-10-02,cnn_visual,0,0.1831013262271881,0.1826898604631424,0.2440769076347351,0.3835115730762481,0.0009588858811184,0.0056613939814269
2024,2024-10-16,cnn_visual,3,0.1845076829195022,0.1915800124406814,0.2334267646074295,0.3835099339485168,0.0010606021387502,0.0059150392189621
2024,2024-10-30,cnn_visual,0,0.1844222545623779,0.1921064853668213,0.2317150235176086,0.3845296204090118,0.0011107362806797,0.0061158966273069
2024,2024-11-13,cnn_visual,3,0.1885855346918106,0.2074238806962967,0.2328314185142517,0.364507108926773,0.0010856592562049,0.0055664349347352
2024,2024-11-27,cnn_visual,3,0.1961062252521515,0.2248171418905258,0.2352775186300277,0.3376714289188385,0.001068492536433,0.0050591235049068
2024,2024-12-11,cnn_visual,3,0.1982595026493072,0.2271351069211959,0.2396346479654312,0.3291336894035339,0.0010255093220621,0.004811508115381
2024,2024-12-27,cnn_visual,0,0.198645144701004,0.2290571630001068,0.2393277734518051,0.3275004923343658,0.0009512495598755,0.0045182220637798
2024,2024-01-02,historical,3,0.1727047146401985,0.1995037220843672,0.2441687344913151,0.3662531017369727,0.0069478908188585,0.0104218362282878
2024,2024-01-16,historical,3,0.1727047146401985,0.1995037220843672,0.2441687344913151,0.3662531017369727,0.0069478908188585,0.0104218362282878
2024,2024-01-30,historical,3,0.1727047146401985,0.1995037220843672,0.2441687344913151,0.3662531017369727,0.0069478908188585,0.0104218362282878
2024,2024-02-13,historical,3,0.1727047146401985,0.1995037220843672,0.2441687344913151,0.3662531017369727,0.0069478908188585,0.0104218362282878
2024,2024-02-27,historical,3,0.1727047146401985,0.1995037220843672,0.2441687344913151,0.3662531017369727,0.0069478908188585,0.0104218362282878
2024,2024-03-12,historical,3,0.1727047146401985,0.1995037220843672,0.2441687344913151,0.3662531017369727,0.0069478908188585,0.0104218362282878
2024,2024-03-26,historical,3,0.1727047146401985,0.1995037220843672,0.2441687344913151,0.3662531017369727,0.0069478908188585,0.0104218362282878
2024,2024-04-11,historical,2,0.1727047146401985,0.1995037220843672,0.2441687344913151,0.3662531017369727,0.0069478908188585,0.0104218362282878
2024,2024-04-25,historical,2,0.1727047146401985,0.1995037220843672,0.2441687344913151,0.3662531017369727,0.0069478908188585,0.0104218362282878
2024,2024-05-13,historical,2,0.1727047146401985,0.1995037220843672,0.2441687344913151,0.3662531017369727,0.0069478908188585,0.0104218362282878
2024,2024-05-28,historical,0,0.1727047146401985,0.1995037220843672,0.2441687344913151,0.3662531017369727,0.0069478908188585,0.0104218362282878
2024,2024-06-11,historical,3,0.1727047146401985,0.1995037220843672,0.2441687344913151,0.3662531017369727,0.0069478908188585,0.0104218362282878
2024,2024-06-25,historical,1,0.1727047146401985,0.1995037220843672,0.2441687344913151,0.3662531017369727,0.0069478908188585,0.0104218362282878
2024,2024-07-09,historical,2,0.1727047146401985,0.1995037220843672,0.2441687344913151,0.3662531017369727,0.0069478908188585,0.0104218362282878
2024,2024-07-23,historical,2,0.1727047146401985,0.1995037220843672,0.2441687344913151,0.3662531017369727,0.0069478908188585,0.0104218362282878
2024,2024-08-06,historical,1,0.1727047146401985,0.1995037220843672,0.2441687344913151,0.3662531017369727,0.0069478908188585,0.0104218362282878
2024,2024-08-20,historical,2,0.1727047146401985,0.1995037220843672,0.2441687344913151,0.3662531017369727,0.0069478908188585,0.0104218362282878
2024,2024-09-04,historical,3,0.1727047146401985,0.1995037220843672,0.2441687344913151,0.3662531017369727,0.0069478908188585,0.0104218362282878
2024,2024-09-18,historical,3,0.1727047146401985,0.1995037220843672,0.2441687344913151,0.3662531017369727,0.0069478908188585,0.0104218362282878
2024,2024-10-02,historical,0,0.1727047146401985,0.1995037220843672,0.2441687344913151,0.3662531017369727,0.0069478908188585,0.0104218362282878
2024,2024-10-16,historical,3,0.1727047146401985,0.1995037220843672,0.2441687344913151,0.3662531017369727,0.0069478908188585,0.0104218362282878
2024,2024-10-30,historical,0,0.1727047146401985,0.1995037220843672,0.2441687344913151,0.3662531017369727,0.0069478908188585,0.0104218362282878
2024,2024-11-13,historical,3,0.1727047146401985,0.1995037220843672,0.2441687344913151,0.3662531017369727,0.0069478908188585,0.0104218362282878
2024,2024-11-27,historical,3,0.1727047146401985,0.1995037220843672,0.2441687344913151,0.3662531017369727,0.0069478908188585,0.0104218362282878
2024,2024-12-11,historical,3,0.1727047146401985,0.1995037220843672,0.2441687344913151,0.3662531017369727,0.0069478908188585,0.0104218362282878
2024,2024-12-27,historical,0,0.1727047146401985,0.1995037220843672,0.2441687344913151,0.3662531017369727,0.0069478908188585,0.0104218362282878
2025,2025-01-13,tabular,0,0.2427400797605514,0.2247639447450637,0.2870035171508789,0.0067232018336653,0.2380297929048538,0.0007394620915874
2025,2025-01-27,tabular,1,0.0977120697498321,0.2908741235733032,0.2376067340373993,0.0066992426291108,0.3661538362503052,0.0009539700113236
2025,2025-02-10,tabular,0,0.279271513223648,0.1286371201276779,0.2219628244638443,0.0022202623076736,0.3670332729816437,0.0008749613771215
2025,2025-02-24,tabular,0,0.192092016339302,0.1866415292024612,0.2678696811199188,0.0053996932692825,0.3470070660114288,0.0009900368750095
2025,2025-03-10,tabular,4,0.1392260938882827,0.3602256774902344,0.2650239765644073,0.0058099702000617,0.228736400604248,0.0009777648374438
2025,2025-03-24,tabular,2,0.2322098612785339,0.0982541143894195,0.2659439742565155,0.002886249218136,0.3998704850673675,0.0008353615412488
2025,2025-04-07,tabular,0,0.2326928675174713,0.2616426050662994,0.2497901171445846,0.006791575346142,0.248073935508728,0.0010089519200846
2025,2025-04-23,tabular,1,0.0693883523344993,0.0147219495847821,0.1215361654758453,0.0032847949769347,0.790229320526123,0.0008394679753109
2025,2025-05-09,tabular,4,0.2173836678266525,0.3751231133937835,0.2114459425210952,0.0017993205692619,0.192823052406311,0.0014248789520934
2025,2025-05-23,tabular,4,0.1869472861289978,0.1154159680008888,0.3807989954948425,0.0011720291804522,0.314289391040802,0.0013763060560449
2025,2025-06-09,tabular,4,0.2011593133211136,0.5673215389251709,0.0388570576906204,0.0004840427427552,0.191784530878067,0.0003934550913982
2025,2025-06-23,tabular,0,0.2371718436479568,0.1698121130466461,0.3047183156013489,0.0012001005234196,0.2866506278514862,0.0004470066342037
2025,2025-07-07,tabular,4,0.0967004671692848,0.3215987682342529,0.469552606344223,0.0006199291092343,0.1110694706439971,0.0004588144947774
2025,2025-07-21,tabular,2,0.3589727580547333,0.1080297604203224,0.0836540013551712,0.0016506625106558,0.4471046030521393,0.0005881920806132
2025,2025-08-04,tabular,2,0.289066731929779,0.0785611197352409,0.2200740128755569,0.0038377963937819,0.4076665341854095,0.0007939334027469
2025,2025-08-18,tabular,4,0.1956142336130142,0.1273375302553177,0.3266384601593017,0.0073971292003989,0.3422089517116546,0.0008036589715629
2025,2025-09-02,tabular,0,0.1214135512709617,0.072396695613861,0.2925265431404114,0.0049193962477147,0.5080548524856567,0.0006889729411341
2025,2025-09-16,tabular,4,0.241782009601593,0.1808518022298813,0.2474279999732971,0.0065465015359222,0.3221958875656128,0.0011958351824432
2025,2025-09-30,tabular,1,0.2030518800020218,0.3210555613040924,0.1565442681312561,0.0070616831071674,0.3114016354084015,0.0008849064470268
2025,2025-10-14,tabular,4,0.1741016060113906,0.1789577454328537,0.2759348750114441,0.0052497684955596,0.3651372194290161,0.0006187860271893
2025,2025-10-28,tabular,4,0.1697854548692703,0.1475638598203659,0.2167666554450988,0.0063654580153524,0.4586991369724273,0.0008194795809686
2025,2025-11-11,tabular,4,0.2067696452140808,0.1222105622291565,0.2684466242790222,0.0129002816975116,0.3885202407836914,0.0011527341557666
2025,2025-11-25,tabular,2,0.1413843780755996,0.1428956538438797,0.2210323512554168,0.013734814710915,0.4801500737667084,0.0008027648436836
2025,2025-12-09,tabular,0,0.1357654482126236,0.2334097921848297,0.2371226102113723,0.0200925301760435,0.3722997009754181,0.0013100000796839
2025,2025-12-23,tabular,1,0.1577327251434326,0.1034984961152076,0.1569759398698806,0.0132839987054467,0.5675985813140869,0.0009102854528464
2025,2025-01-13,cnn_1d,0,0.1890738010406494,0.192535325884819,0.2586742341518402,0.0066867712885141,0.3487103879451751,0.0043194186873734
2025,2025-01-27,cnn_1d,1,0.2118764221668243,0.2047961056232452,0.2554003894329071,0.0056974049657583,0.3181781470775604,0.0040514878928661
2025,2025-02-10,cnn_1d,0,0.2206493616104126,0.2170317769050598,0.2619644999504089,0.0062462771311402,0.2896597683429718,0.0044482997618615
2025,2025-02-24,cnn_1d,0,0.2019416689872741,0.2063288688659668,0.2582626044750213,0.0086151966825127,0.3184924721717834,0.0063591175712645
2025,2025-03-10,cnn_1d,4,0.1992940604686737,0.2007205337285995,0.2595514357089996,0.0080238347873091,0.3266940414905548,0.0057160891592502
2025,2025-03-24,cnn_1d,2,0.2174607664346695,0.2144542932510376,0.2595666944980621,0.0075485529378056,0.2953183352947235,0.0056513086892664
2025,2025-04-07,cnn_1d,0,0.204933300614357,0.2085033059120178,0.2646994590759277,0.0073254569433629,0.3093511760234833,0.0051873610354959
2025,2025-04-23,cnn_1d,1,0.2318664640188217,0.2204059511423111,0.2770955264568329,0.0037575459573417,0.264570951461792,0.0023035469930619
2025,2025-05-09,cnn_1d,4,0.219901829957962,0.2154789566993713,0.2806455194950104,0.0044459654018282,0.2769026756286621,0.0026250851806253
2025,2025-05-23,cnn_1d,4,0.2245299071073532,0.2164655774831771,0.2774631083011627,0.0038428716361522,0.275452047586441,0.0022464846260845
2025,2025-06-09,cnn_1d,4,0.2341197282075882,0.2166029214859008,0.272176057100296,0.0032731110695749,0.27182736992836,0.0020008261781185
2025,2025-06-23,cnn_1d,0,0.2334236651659011,0.2095874100923538,0.2651982307434082,0.0028133632149547,0.2872557640075683,0.0017215870320796
2025,2025-07-07,cnn_1d,4,0.2491652518510818,0.2215371131896972,0.2624942362308502,0.0033608442172408,0.261183351278305,0.0022591715678572
2025,2025-07-21,cnn_1d,2,0.2009399086236953,0.1967577487230301,0.2548123002052307,0.0075427256524562,0.334536999464035,0.0054103252477943
2025,2025-08-04,cnn_1d,2,0.1926889270544052,0.1860655695199966,0.2449132353067398,0.0076953256502747,0.3629954159259796,0.0056414753198623
2025,2025-08-18,cnn_1d,4,0.1898624002933502,0.1877354979515075,0.2474855035543441,0.009176880121231,0.3587298095226288,0.0070099774748086
2025,2025-09-02,cnn_1d,0,0.1818283349275589,0.1871770471334457,0.250820130109787,0.0096064740791916,0.3636545538902282,0.0069134393706917
2025,2025-09-16,cnn_1d,4,0.1701980531215667,0.185447871685028,0.2545488774776459,0.0138893919065594,0.3659144341945648,0.0100014116615057
2025,2025-09-30,cnn_1d,1,0.1596902161836624,0.172078400850296,0.2509156465530395,0.0117085026577115,0.3976123332977295,0.0079949283972382
2025,2025-10-14,cnn_1d,4,0.156925156712532,0.1745450049638748,0.2535354793071747,0.01396319642663,0.3915379047393799,0.009493226185441
2025,2025-10-28,cnn_1d,4,0.1525618731975555,0.1733083128929138,0.2541446387767792,0.0143932485952973,0.3958539366722107,0.0097379544749856
2025,2025-11-11,cnn_1d,4,0.1351535469293594,0.1578330099582672,0.2473621368408203,0.0155503628775477,0.4341636598110199,0.0099372705444693
2025,2025-11-25,cnn_1d,2,0.1322892755270004,0.1555094867944717,0.2471810430288314,0.0153729449957609,0.4400283098220825,0.0096188681200146
2025,2025-12-09,cnn_1d,0,0.1283358931541443,0.1513055115938186,0.245597168803215,0.0155405653640627,0.4496207237243652,0.0096001029014587
2025,2025-12-23,cnn_1d,1,0.125963032245636,0.1511007994413375,0.2471545040607452,0.0169374924153089,0.4485370516777038,0.0103070391342043
2025,2025-01-13,cnn_visual,0,0.1469524800777435,0.2188494950532913,0.2064306885004043,0.0066277580335736,0.4175646007061004,0.0035750712268054
2025,2025-01-27,cnn_visual,1,0.1493698805570602,0.2209485620260238,0.2070218175649643,0.0075196838006377,0.4109631180763244,0.0041768928058445
2025,2025-02-10,cnn_visual,0,0.1496167182922363,0.2213613539934158,0.2069036066532135,0.0076199164614081,0.4102492928504944,0.0042489925399422
2025,2025-02-24,cnn_visual,0,0.1477776020765304,0.219943106174469,0.2070281654596328,0.007294435519725,0.4138954877853393,0.0040611648000776
2025,2025-03-10,cnn_visual,4,0.148882195353508,0.2196575403213501,0.2077821046113968,0.0076146442443132,0.4117580652236938,0.0043054553680121
2025,2025-03-24,cnn_visual,2,0.1515041142702102,0.2215846329927444,0.2079976797103881,0.0083894589915871,0.4056958556175232,0.0048282304778695
2025,2025-04-07,cnn_visual,0,0.1520761251449585,0.2214192003011703,0.2084375321865081,0.0085271187126636,0.4046067893505096,0.004933179821819
2025,2025-04-23,cnn_visual,1,0.1620193719863891,0.2255135625600814,0.2093632817268371,0.0111312381923198,0.385238766670227,0.0067337830550968
2025,2025-05-09,cnn_visual,4,0.1611072719097137,0.2255007922649383,0.2090403735637664,0.010441031306982,0.3877533972263336,0.0061570913530886
2025,2025-05-23,cnn_visual,4,0.1614184826612472,0.225074753165245,0.2090233415365219,0.0105809159576892,0.3876183629035949,0.0062841530889272
2025,2025-06-09,cnn_visual,4,0.1622728258371353,0.2257129102945327,0.2091194540262222,0.010979508049786,0.3853506743907928,0.0065646753646433
2025,2025-06-23,cnn_visual,0,0.1614099144935608,0.2248201966285705,0.2092834562063217,0.0106661161407828,0.3874471187591553,0.0063732429407536
2025,2025-07-07,cnn_visual,4,0.1633118689060211,0.2257234901189804,0.2093981057405471,0.0116870822384953,0.3827181160449981,0.0071613718755543
2025,2025-07-21,cnn_visual,2,0.1515748500823974,0.2207061201333999,0.2080447822809219,0.0081779100000858,0.4068229496479034,0.0046733268536627
2025,2025-08-04,cnn_visual,2,0.1493633538484573,0.2188516706228256,0.208031877875328,0.0076710302382707,0.4117201864719391,0.0043617812916636
2025,2025-08-18,cnn_visual,4,0.1498853862285614,0.2200115621089935,0.2081429660320282,0.0079002892598509,0.4095572531223297,0.0045025697909295
2025,2025-09-02,cnn_visual,0,0.1490091681480407,0.2194303423166275,0.2078253179788589,0.0075528654269874,0.4119283258914947,0.0042540128342807
2025,2025-09-16,cnn_visual,4,0.1469119489192962,0.2185680270195007,0.2071319669485092,0.0069044372066855,0.416682630777359,0.0038009530398994
2025,2025-09-30,cnn_visual,1,0.1450125575065612,0.2176773697137832,0.2067863196134567,0.0063757258467376,0.4207128584384918,0.0034352089278399
2025,2025-10-14,cnn_visual,4,0.1442812085151672,0.2170887738466262,0.2064531445503235,0.006143603939563,0.4227491915225982,0.0032841153442859
2025,2025-10-28,cnn_visual,4,0.1444690525531768,0.2173368632793426,0.2065608650445938,0.0061685545369982,0.4221736490726471,0.0032910394947975
2025,2025-11-11,cnn_visual,4,0.1417644619941711,0.2152774930000305,0.2059733122587204,0.0055836695246398,0.4284722208976745,0.0029288509394973
2025,2025-11-25,cnn_visual,2,0.1416345983743667,0.2150200456380844,0.2059574425220489,0.0055272639729082,0.4289659559726715,0.0028946255333721
2025,2025-12-09,cnn_visual,0,0.1411977708339691,0.2148494571447372,0.2058950662612915,0.0054408111609518,0.429778128862381,0.0028388684149831
2025,2025-12-23,cnn_visual,1,0.1408587396144867,0.2146333456039428,0.2057715058326721,0.0053528710268437,0.4306020736694336,0.0027814579661935
2025,2025-01-13,historical,0,0.2007943512797881,0.1813768755516328,0.2383053839364519,0.0092674315975286,0.3631950573698146,0.0070609002647837
2025,2025-01-27,historical,1,0.2007943512797881,0.1813768755516328,0.2383053839364519,0.0092674315975286,0.3631950573698146,0.0070609002647837
2025,2025-02-10,historical,0,0.2007943512797881,0.1813768755516328,0.2383053839364519,0.0092674315975286,0.3631950573698146,0.0070609002647837
2025,2025-02-24,historical,0,0.2007943512797881,0.1813768755516328,0.2383053839364519,0.0092674315975286,0.3631950573698146,0.0070609002647837
2025,2025-03-10,historical,4,0.2007943512797881,0.1813768755516328,0.2383053839364519,0.0092674315975286,0.3631950573698146,0.0070609002647837
2025,2025-03-24,historical,2,0.2007943512797881,0.1813768755516328,0.2383053839364519,0.0092674315975286,0.3631950573698146,0.0070609002647837
2025,2025-04-07,historical,0,0.2007943512797881,0.1813768755516328,0.2383053839364519,0.0092674315975286,0.3631950573698146,0.0070609002647837
2025,2025-04-23,historical,1,0.2007943512797881,0.1813768755516328,0.2383053839364519,0.0092674315975286,0.3631950573698146,0.0070609002647837
2025,2025-05-09,historical,4,0.2007943512797881,0.1813768755516328,0.2383053839364519,0.0092674315975286,0.3631950573698146,0.0070609002647837
2025,2025-05-23,historical,4,0.2007943512797881,0.1813768755516328,0.2383053839364519,0.0092674315975286,0.3631950573698146,0.0070609002647837
2025,2025-06-09,historical,4,0.2007943512797881,0.1813768755516328,0.2383053839364519,0.0092674315975286,0.3631950573698146,0.0070609002647837
2025,2025-06-23,historical,0,0.2007943512797881,0.1813768755516328,0.2383053839364519,0.0092674315975286,0.3631950573698146,0.0070609002647837
2025,2025-07-07,historical,4,0.2007943512797881,0.1813768755516328,0.2383053839364519,0.0092674315975286,0.3631950573698146,0.0070609002647837
2025,2025-07-21,historical,2,0.2007943512797881,0.1813768755516328,0.2383053839364519,0.0092674315975286,0.3631950573698146,0.0070609002647837
2025,2025-08-04,historical,2,0.2007943512797881,0.1813768755516328,0.2383053839364519,0.0092674315975286,0.3631950573698146,0.0070609002647837
2025,2025-08-18,historical,4,0.2007943512797881,0.1813768755516328,0.2383053839364519,0.0092674315975286,0.3631950573698146,0.0070609002647837
2025,2025-09-02,historical,0,0.2007943512797881,0.1813768755516328,0.2383053839364519,0.0092674315975286,0.3631950573698146,0.0070609002647837
2025,2025-09-16,historical,4,0.2007943512797881,0.1813768755516328,0.2383053839364519,0.0092674315975286,0.3631950573698146,0.0070609002647837
2025,2025-09-30,historical,1,0.2007943512797881,0.1813768755516328,0.2383053839364519,0.0092674315975286,0.3631950573698146,0.0070609002647837
2025,2025-10-14,historical,4,0.2007943512797881,0.1813768755516328,0.2383053839364519,0.0092674315975286,0.3631950573698146,0.0070609002647837
2025,2025-10-28,historical,4,0.2007943512797881,0.1813768755516328,0.2383053839364519,0.0092674315975286,0.3631950573698146,0.0070609002647837
2025,2025-11-11,historical,4,0.2007943512797881,0.1813768755516328,0.2383053839364519,0.0092674315975286,0.3631950573698146,0.0070609002647837
2025,2025-11-25,historical,2,0.2007943512797881,0.1813768755516328,0.2383053839364519,0.0092674315975286,0.3631950573698146,0.0070609002647837
2025,2025-12-09,historical,0,0.2007943512797881,0.1813768755516328,0.2383053839364519,0.0092674315975286,0.3631950573698146,0.0070609002647837
2025,2025-12-23,historical,1,0.2007943512797881,0.1813768755516328,0.2383053839364519,0.0092674315975286,0.3631950573698146,0.0070609002647837
2026,2026-01-09,tabular,4,0.1405107378959655,0.2843081057071686,0.0007886684034019,0.0089123845100402,0.4275470077991485,0.137933000922203
2026,2026-01-23,tabular,4,0.1450656056404113,0.16744464635849,0.0010303637245669,0.0124293845146894,0.4649376571178436,0.2090923935174942
2026,2026-02-06,tabular,4,0.0932493731379509,0.1262817233800888,0.0007101130904629,0.01172995287925,0.6312113404273987,0.1368174850940704
2026,2026-02-20,tabular,2,0.1900501549243927,0.2886306941509247,0.0009493647376075,0.0080569256097078,0.3992056846618652,0.1131071597337722
2026,2026-03-06,tabular,4,0.1133429929614067,0.2899542450904846,0.0006958496524021,0.0048706824891269,0.4813912212848663,0.1097450107336044
2026,2026-03-20,tabular,4,0.2483114898204803,0.1840022951364517,0.0022038063034415,0.0108940694481134,0.2792162895202636,0.2753719687461853
2026,2026-04-07,tabular,1,0.3669487833976745,0.2970778048038482,0.0006378352991305,0.0023978215176612,0.1343894153833389,0.1985483020544052
2026,2026-04-21,tabular,1,0.304292768239975,0.2547945976257324,0.0032558650709688,0.0140966717153787,0.2740825414657593,0.1494775712490081
2026,2026-05-07,tabular,0,0.1885857731103897,0.1154850721359252,0.0049645705148577,0.0061411117203533,0.4973375797271728,0.1874858438968658
2026,2026-05-21,tabular,1,0.0561943650245666,0.0877310633659362,0.0009101554751396,0.002773766638711,0.5105159282684326,0.3418746888637543
2026,2026-06-05,tabular,1,0.0583656057715415,0.0255014412105083,0.0003579268523026,0.0044098515063524,0.7617636919021606,0.1496014893054962
2026,2026-06-19,tabular,1,0.1333177387714386,0.0766894742846489,0.0012140773469582,0.0175717808306217,0.3732192814350128,0.3979876339435577
2026,2026-07-03,tabular,4,0.194156989455223,0.0468001812696456,0.0007623784476891,0.0093926386907696,0.4888339042663574,0.2600538730621338
2026,2026-07-17,tabular,4,0.0912194848060607,0.0883036404848098,0.0010438909521326,0.0105379289016127,0.6793638467788696,0.1295312643051147
2026,2026-07-31,tabular,1,0.20444355905056,0.1261148601770401,0.0018434479134157,0.0195941478013992,0.41448575258255,0.2335182726383209
2026,2026-08-14,tabular,1,0.3265556991100311,0.0838144943118095,0.0011201360030099,0.0097003392875194,0.4463693797588348,0.1324399560689926
2026,2026-01-09,cnn_1d,4,0.135898470878601,0.2244729101657867,0.0048877904191613,0.0143603943288326,0.4732331335544586,0.1471473723649978
2026,2026-01-23,cnn_1d,4,0.1341393887996673,0.2299072444438934,0.0030366103164851,0.0098170936107635,0.4859204590320587,0.1371792554855346
2026,2026-02-06,cnn_1d,4,0.1405347287654876,0.2395817637443542,0.0022118298802524,0.0071360212750732,0.4697423279285431,0.1407933235168457
2026,2026-02-20,cnn_1d,2,0.143437460064888,0.2443437725305557,0.0020680087618529,0.0067089451476931,0.4628289341926574,0.1406128704547882
2026,2026-03-06,cnn_1d,4,0.1445031464099884,0.2494573295116424,0.0010528196580708,0.0036925848107784,0.4663355350494385,0.1349585205316543
2026,2026-03-20,cnn_1d,4,0.1368626803159713,0.2182203233242035,0.0006004169699735,0.0019627010915428,0.4964149892330169,0.145938903093338
2026,2026-04-07,cnn_1d,1,0.1172430664300918,0.1716776639223098,0.000634069670923,0.001833411399275,0.5412885546684265,0.1673232167959213
2026,2026-04-21,cnn_1d,1,0.1143610700964927,0.1496592909097671,0.0013405801728367,0.0029803558718413,0.522275984287262,0.2093827277421951
2026,2026-05-07,cnn_1d,0,0.0979605391621589,0.1170914098620414,0.002678841818124,0.0051585771143436,0.552058756351471,0.2250518798828125
2026,2026-05-21,cnn_1d,1,0.0910248681902885,0.1048899143934249,0.0029253894463181,0.0054371855221688,0.5695557594299316,0.2261669039726257
2026,2026-06-05,cnn_1d,1,0.083035372197628,0.0887331888079643,0.0057094562798738,0.0089279627427458,0.5622896552085876,0.2513043284416199
2026,2026-06-19,cnn_1d,1,0.0800306275486946,0.0849406197667121,0.0216941498219966,0.0303897522389888,0.5244767665863037,0.2584680616855621
2026,2026-07-03,cnn_1d,4,0.096777468919754,0.1103020533919334,0.0326799228787422,0.0471195094287395,0.4632460176944732,0.2498750537633896
2026,2026-07-17,cnn_1d,4,0.0982848331332206,0.1214165166020393,0.0154881291091442,0.0284452494233846,0.524293065071106,0.2120722383260727
2026,2026-07-31,cnn_1d,1,0.1020326539874076,0.1308426856994629,0.0100747412070631,0.0202094558626413,0.5357073545455933,0.2011331170797348
2026,2026-08-14,cnn_1d,1,0.0988094955682754,0.1285748779773712,0.0083624431863427,0.0172579605132341,0.5479738712310791,0.1990212798118591
2026,2026-01-09,cnn_visual,4,0.1311422437429428,0.2714966237545013,0.0025504319928586,0.0074849035590887,0.4339163601398468,0.1534094214439392
2026,2026-01-23,cnn_visual,4,0.1318252235651016,0.2706015408039093,0.0026812714058905,0.0077482494525611,0.4325780868530273,0.154565691947937
2026,2026-02-06,cnn_visual,4,0.1339721083641052,0.2738010287284851,0.0029007282573729,0.0082533163949847,0.4236661791801452,0.1574066579341888
2026,2026-02-20,cnn_visual,2,0.1339897811412811,0.2733330130577087,0.0029204592574387,0.0082825822755694,0.4239278137683868,0.1575463712215423
2026,2026-03-06,cnn_visual,4,0.1328148245811462,0.2596111595630646,0.0034216814674437,0.0088147688657045,0.4288010895252228,0.1665364801883697
2026,2026-03-20,cnn_visual,4,0.1305752247571945,0.2306369841098785,0.0051392735913395,0.0105442656204104,0.4353157579898834,0.1877885311841964
2026,2026-04-07,cnn_visual,1,0.1284273713827133,0.2084690630435943,0.0074568358249962,0.0125532746315002,0.4373836517333984,0.2057098746299743
2026,2026-04-21,cnn_visual,1,0.1316457539796829,0.2052369564771652,0.0098402705043554,0.0150623368099331,0.4201047420501709,0.218109905719757
2026,2026-05-07,cnn_visual,0,0.1289580166339874,0.1945962905883789,0.0108535625040531,0.0153919700533151,0.4260901808738708,0.2241099625825882
2026,2026-05-21,cnn_visual,1,0.1309211999177932,0.1990836709737777,0.0105792069807648,0.0154865235090255,0.4241821765899658,0.2197471857070922
2026,2026-06-05,cnn_visual,1,0.1275975257158279,0.1900982707738876,0.0113512985408306,0.0156069248914718,0.4281693398952484,0.2271766513586044
2026,2026-06-19,cnn_visual,1,0.1242835447192192,0.1908732205629348,0.0092440405860543,0.0133849121630191,0.4394136071205139,0.2228006273508072
2026,2026-07-03,cnn_visual,4,0.1307375580072403,0.2213825285434723,0.0061990008689463,0.0114805670455098,0.4292886853218078,0.2009117007255554
2026,2026-07-17,cnn_visual,4,0.125230997800827,0.2132621705532074,0.0052851643413305,0.0099616348743438,0.4525314569473266,0.1937286108732223
2026,2026-07-31,cnn_visual,1,0.1271455436944961,0.217990294098854,0.0050536491908133,0.0098824817687273,0.4502207338809967,0.1897073090076446
2026,2026-08-14,cnn_visual,1,0.1280238330364227,0.2199530452489853,0.00512909097597,0.0100845573469996,0.4476197063922882,0.1891898363828659
2026,2026-01-09,historical,4,0.1830091306073838,0.2425565700674871,0.0063517268757443,0.0083366415244144,0.3592695514092894,0.2004763795156808
2026,2026-01-23,historical,4,0.1830091306073838,0.2425565700674871,0.0063517268757443,0.0083366415244144,0.3592695514092894,0.2004763795156808
2026,2026-02-06,historical,4,0.1830091306073838,0.2425565700674871,0.0063517268757443,0.0083366415244144,0.3592695514092894,0.2004763795156808
2026,2026-02-20,historical,2,0.1830091306073838,0.2425565700674871,0.0063517268757443,0.0083366415244144,0.3592695514092894,0.2004763795156808
2026,2026-03-06,historical,4,0.1830091306073838,0.2425565700674871,0.0063517268757443,0.0083366415244144,0.3592695514092894,0.2004763795156808
2026,2026-03-20,historical,4,0.1830091306073838,0.2425565700674871,0.0063517268757443,0.0083366415244144,0.3592695514092894,0.2004763795156808
2026,2026-04-07,historical,1,0.1830091306073838,0.2425565700674871,0.0063517268757443,0.0083366415244144,0.3592695514092894,0.2004763795156808
2026,2026-04-21,historical,1,0.1830091306073838,0.2425565700674871,0.0063517268757443,0.0083366415244144,0.3592695514092894,0.2004763795156808
2026,2026-05-07,historical,0,0.1830091306073838,0.2425565700674871,0.0063517268757443,0.0083366415244144,0.3592695514092894,0.2004763795156808
2026,2026-05-21,historical,1,0.1830091306073838,0.2425565700674871,0.0063517268757443,0.0083366415244144,0.3592695514092894,0.2004763795156808
2026,2026-06-05,historical,1,0.1830091306073838,0.2425565700674871,0.0063517268757443,0.0083366415244144,0.3592695514092894,0.2004763795156808
2026,2026-06-19,historical,1,0.1830091306073838,0.2425565700674871,0.0063517268757443,0.0083366415244144,0.3592695514092894,0.2004763795156808
2026,2026-07-03,historical,4,0.1830091306073838,0.2425565700674871,0.0063517268757443,0.0083366415244144,0.3592695514092894,0.2004763795156808
2026,2026-07-17,historical,4,0.1830091306073838,0.2425565700674871,0.0063517268757443,0.0083366415244144,0.3592695514092894,0.2004763795156808
2026,2026-07-31,historical,1,0.1830091306073838,0.2425565700674871,0.0063517268757443,0.0083366415244144,0.3592695514092894,0.2004763795156808
2026,2026-08-14,historical,1,0.1830091306073838,0.2425565700674871,0.0063517268757443,0.0083366415244144,0.3592695514092894,0.2004763795156808
