funding,penalty,hedge_bps,model,mean_total_cost_eur,mean_reserve_eur,mean_shortfall_eur,shortfall_rate,mean_oil_hedge,mean_fx_hedge
0.01,0.25,10,cnn_1d,1030.0315807870747,143656.71641791044,2220.4579981068396,0.029850746268656716,0.417910447761194,0.0
0.01,0.25,10,cnn_visual,1011.9079134096761,145000.0,2220.4579981068396,0.029850746268656716,0.39925373134328357,0.0
0.01,0.25,10,fixed_hedge_reference,1023.809523809524,60000.0,0.0,0.0,1.0,0.0
0.01,0.25,10,historical,883.8691615587587,145000.0,544.1238862255589,0.014925373134328358,0.6902985074626866,0.0
0.01,0.25,10,tabular,988.5872716703478,145149.25373134328,2738.8788189723177,0.04477611940298507,0.2462686567164179,0.0
0.01,0.25,50,cnn_1d,1304.4429938218664,149925.37313432837,4905.168326862921,0.05970149253731343,0.0037313432835820895,0.0
0.01,0.25,50,cnn_visual,1488.9589557654833,150000.0,5717.740584966696,0.05970149253731343,0.0,0.0
0.01,0.25,50,fixed_hedge_reference,5023.809523809524,60000.0,0.0,0.0,1.0,0.0
0.01,0.25,50,historical,1488.9589557654833,150000.0,5717.740584966696,0.05970149253731343,0.0,0.0
0.01,0.25,50,tabular,1488.9589557654833,150000.0,5717.740584966696,0.05970149253731343,0.0,0.0
0.01,0.25,100,cnn_1d,1488.9589557654833,150000.0,5717.740584966696,0.05970149253731343,0.0,0.0
0.01,0.25,100,cnn_visual,1488.9589557654833,150000.0,5717.740584966696,0.05970149253731343,0.0,0.0
0.01,0.25,100,fixed_hedge_reference,10023.809523809525,60000.0,0.0,0.0,1.0,0.0
0.01,0.25,100,historical,1488.9589557654833,150000.0,5717.740584966696,0.05970149253731343,0.0,0.0
0.01,0.25,100,tabular,1488.9589557654833,150000.0,5717.740584966696,0.05970149253731343,0.0,0.0
0.01,1.0,10,cnn_1d,879.1459369817579,118582.0895522388,0.0,0.0,0.832089552238806,0.0
0.01,1.0,10,cnn_visual,859.6600331674958,125895.5223880597,0.0,0.0,0.8097014925373134,0.0
0.01,1.0,10,fixed_hedge_reference,1023.809523809524,60000.0,0.0,0.0,1.0,0.0
0.01,1.0,10,historical,1025.7936507936508,65000.0,0.0,0.0,1.0,0.0
0.01,1.0,10,tabular,803.8083392561005,145000.0,0.0,0.0,0.746268656716418,0.0
0.01,1.0,50,cnn_1d,5074.9809826983765,145373.1343283582,3282.218604115102,0.04477611940298507,0.34701492537313433,0.0
0.01,1.0,50,cnn_visual,3863.8185761689106,145000.0,2220.4579981068396,0.029850746268656716,0.31716417910447764,0.0
0.01,1.0,50,fixed_hedge_reference,5023.809523809524,60000.0,0.0,0.0,1.0,0.0
0.01,1.0,50,historical,3101.663568765241,145000.0,544.1238862255589,0.014925373134328358,0.5,0.0
0.01,1.0,50,tabular,6269.884837171571,147014.92537313432,5465.276924354702,0.04477611940298507,0.14925373134328357,0.0
0.01,1.0,100,cnn_1d,4744.6307090299,149626.8656716418,4386.747505997443,0.04477611940298507,0.029850746268656716,0.0
0.01,1.0,100,cnn_visual,5777.264394490505,150000.0,5717.740584966696,0.05970149253731343,0.0,0.0
0.01,1.0,100,fixed_hedge_reference,10023.809523809525,60000.0,0.0,0.0,1.0,0.0
0.01,1.0,100,historical,5777.264394490505,150000.0,5717.740584966696,0.05970149253731343,0.0,0.0
0.01,1.0,100,tabular,5777.264394490505,150000.0,5717.740584966696,0.05970149253731343,0.0,0.0
0.01,2.0,10,cnn_1d,958.5110163468373,92910.44776119402,0.0,0.0,0.9216417910447762,0.0
0.01,2.0,10,cnn_visual,948.8865197820422,96865.67164179105,0.0,0.0,0.9104477611940298,0.0
0.01,2.0,10,fixed_hedge_reference,1023.809523809524,60000.0,0.0,0.0,1.0,0.0
0.01,2.0,10,historical,1027.7777777777778,70000.0,0.0,0.0,1.0,0.0
0.01,2.0,10,tabular,820.6882255389718,140522.38805970148,0.0,0.0,0.7649253731343284,0.0
0.01,2.0,50,cnn_1d,4167.227871953604,142611.94029850746,544.1238862255589,0.014925373134328358,0.6044776119402985,0.0
0.01,2.0,50,cnn_visual,4242.8023803639335,145000.0,544.1238862255589,0.014925373134328358,0.6194029850746269,0.0
0.01,2.0,50,fixed_hedge_reference,5023.809523809524,60000.0,0.0,0.0,1.0,0.0
0.01,2.0,50,historical,3807.5396825396815,145000.0,0.0,0.0,0.75,0.0
0.01,2.0,50,tabular,4434.920263048382,145000.0,1041.302230552857,0.029850746268656716,0.458955223880597,0.0
0.01,2.0,100,cnn_1d,10091.948461487726,144552.23880597015,3282.218604115102,0.04477611940298507,0.34701492537313433,0.0
0.01,2.0,100,cnn_visual,7632.66558161998,144701.49253731343,2220.4579981068396,0.029850746268656716,0.31343283582089554,0.0
0.01,2.0,100,fixed_hedge_reference,10023.809523809525,60000.0,0.0,0.0,1.0,0.0
0.01,2.0,100,historical,6145.7874549908,145000.0,544.1238862255589,0.014925373134328358,0.5,0.0
0.01,2.0,100,tabular,12481.43041824269,147014.92537313432,5465.276924354702,0.04477611940298507,0.14925373134328357,0.0
0.05,0.25,10,cnn_1d,1275.8264161341488,115000.0,2220.4579981068396,0.029850746268656716,0.4925373134328358,0.0
0.05,0.25,10,cnn_visual,1263.5070605312112,120074.62686567164,2220.4579981068396,0.029850746268656716,0.4701492537313433,0.0
0.05,0.25,10,fixed_hedge_reference,1119.047619047619,60000.0,0.0,0.0,1.0,0.0
0.05,0.25,10,historical,1000.0610299048047,83805.97014925373,335.1173724029198,0.014925373134328358,0.75,0.0
0.05,0.25,10,tabular,1227.8078355177774,143955.223880597,2738.8788189723177,0.04477611940298507,0.2574626865671642,0.0
0.05,0.25,50,cnn_1d,1542.4197765747685,149925.37313432837,4905.168326862921,0.05970149253731343,0.0037313432835820895,0.0
0.05,0.25,50,cnn_visual,1727.0541938607214,150000.0,5717.740584966696,0.05970149253731343,0.0,0.0
0.05,0.25,50,fixed_hedge_reference,5119.047619047619,60000.0,0.0,0.0,1.0,0.0
0.05,0.25,50,historical,1727.0541938607214,150000.0,5717.740584966696,0.05970149253731343,0.0,0.0
0.05,0.25,50,tabular,1727.0541938607214,150000.0,5717.740584966696,0.05970149253731343,0.0,0.0
0.05,0.25,100,cnn_1d,1727.0541938607214,150000.0,5717.740584966696,0.05970149253731343,0.0,0.0
0.05,0.25,100,cnn_visual,1727.0541938607214,150000.0,5717.740584966696,0.05970149253731343,0.0,0.0
0.05,0.25,100,fixed_hedge_reference,10119.047619047618,60000.0,0.0,0.0,1.0,0.0
0.05,0.25,100,historical,1727.0541938607214,150000.0,5717.740584966696,0.05970149253731343,0.0,0.0
0.05,0.25,100,tabular,1727.0541938607214,150000.0,5717.740584966696,0.05970149253731343,0.0,0.0
0.05,1.0,10,cnn_1d,1083.5406301824212,68432.83582089552,0.0,0.0,0.9477611940298507,0.0
0.05,1.0,10,cnn_visual,1108.8308457711444,54850.746268656716,0.0,0.0,1.0,0.0
0.05,1.0,10,fixed_hedge_reference,1119.047619047619,60000.0,0.0,0.0,1.0,0.0
0.05,1.0,10,historical,1109.126984126984,55000.0,0.0,0.0,1.0,0.0
0.05,1.0,10,tabular,1006.8111821843164,106865.67164179105,0.0,0.0,0.7947761194029851,0.0
0.05,1.0,50,cnn_1d,5358.740755264119,143880.59701492538,3282.218604115102,0.04477611940298507,0.3582089552238806,0.0
0.05,1.0,50,cnn_visual,4093.9773063276402,145000.0,2220.4579981068396,0.029850746268656716,0.31716417910447764,0.0
0.05,1.0,50,fixed_hedge_reference,5119.047619047619,60000.0,0.0,0.0,1.0,0.0
0.05,1.0,50,historical,3331.822298923971,145000.0,544.1238862255589,0.014925373134328358,0.5,0.0
0.05,1.0,50,tabular,6503.241861573372,147014.92537313432,5465.276924354702,0.04477611940298507,0.14925373134328357,0.0
0.05,1.0,100,cnn_1d,4982.133670413459,149626.8656716418,4386.747505997443,0.04477611940298507,0.029850746268656716,0.0
0.05,1.0,100,cnn_visual,6015.359632585743,150000.0,5717.740584966696,0.05970149253731343,0.0,0.0
0.05,1.0,100,fixed_hedge_reference,10119.047619047618,60000.0,0.0,0.0,1.0,0.0
0.05,1.0,100,historical,6015.359632585743,150000.0,5717.740584966696,0.05970149253731343,0.0,0.0
0.05,1.0,100,tabular,6015.359632585743,150000.0,5717.740584966696,0.05970149253731343,0.0,0.0
0.05,2.0,10,cnn_1d,1117.7149964463397,59328.35820895522,0.0,0.0,1.0,0.0
0.05,2.0,10,cnn_visual,1119.047619047619,60000.0,0.0,0.0,1.0,0.0
0.05,2.0,10,fixed_hedge_reference,1119.047619047619,60000.0,0.0,0.0,1.0,0.0
0.05,2.0,10,historical,1119.047619047619,60000.0,0.0,0.0,1.0,0.0
0.05,2.0,10,tabular,1118.899549869699,59925.37313432836,0.0,0.0,1.0,0.0
0.05,2.0,50,cnn_1d,4409.1432948391775,141044.776119403,544.1238862255589,0.014925373134328358,0.6082089552238806,0.0
0.05,2.0,50,cnn_visual,4472.961110522665,145000.0,544.1238862255589,0.014925373134328358,0.6194029850746269,0.0
0.05,2.0,50,fixed_hedge_reference,5119.047619047619,60000.0,0.0,0.0,1.0,0.0
0.05,2.0,50,historical,4037.698412698413,145000.0,0.0,0.0,0.75,0.0
0.05,2.0,50,tabular,4665.078993207112,145000.0,1041.302230552857,0.029850746268656716,0.458955223880597,0.0
0.05,2.0,100,cnn_1d,10393.506149239443,143283.58208955225,3282.218604115102,0.04477611940298507,0.35447761194029853,0.0
0.05,2.0,100,cnn_visual,7862.350490409367,144701.49253731343,2220.4579981068396,0.029850746268656716,0.31343283582089554,0.0
0.05,2.0,100,fixed_hedge_reference,10119.047619047618,60000.0,0.0,0.0,1.0,0.0
0.05,2.0,100,historical,6375.946185149531,145000.0,544.1238862255589,0.014925373134328358,0.5,0.0
0.05,2.0,100,tabular,12714.787442644492,147014.92537313432,5465.276924354702,0.04477611940298507,0.14925373134328357,0.0
0.1,0.25,10,cnn_1d,1214.9143355514675,51716.41791044776,799.9558496685569,0.04477611940298507,0.8097014925373134,0.0
0.1,0.25,10,cnn_visual,1211.6817938452348,54925.37313432836,780.8660050421568,0.029850746268656716,0.7985074626865671,0.0
0.1,0.25,10,fixed_hedge_reference,1238.095238095238,60000.0,0.0,0.0,1.0,0.0
0.1,0.25,10,historical,1153.9919450367213,38805.97014925373,0.0,0.0,1.0,0.0
0.1,0.25,10,tabular,1262.7693138925447,62089.55223880597,1229.7079118127751,0.04477611940298507,0.7089552238805971,0.0
0.1,0.25,50,cnn_1d,1839.890755015896,149925.37313432837,4905.168326862921,0.05970149253731343,0.0037313432835820895,0.0
0.1,0.25,50,cnn_visual,2024.6732414797689,150000.0,5717.740584966696,0.05970149253731343,0.0,0.0
0.1,0.25,50,fixed_hedge_reference,5238.095238095239,60000.0,0.0,0.0,1.0,0.0
0.1,0.25,50,historical,2024.6732414797689,150000.0,5717.740584966696,0.05970149253731343,0.0,0.0
0.1,0.25,50,tabular,2024.6732414797689,150000.0,5717.740584966696,0.05970149253731343,0.0,0.0
0.1,0.25,100,cnn_1d,2024.6732414797689,150000.0,5717.740584966696,0.05970149253731343,0.0,0.0
0.1,0.25,100,cnn_visual,2024.6732414797689,150000.0,5717.740584966696,0.05970149253731343,0.0,0.0
0.1,0.25,100,fixed_hedge_reference,10238.09523809524,60000.0,0.0,0.0,1.0,0.0
0.1,0.25,100,historical,2024.6732414797689,150000.0,5717.740584966696,0.05970149253731343,0.0,0.0
0.1,0.25,100,tabular,2024.6732414797689,150000.0,5717.740584966696,0.05970149253731343,0.0,0.0
0.1,1.0,10,cnn_1d,1192.4899312959012,48507.46268656717,0.0,0.0,1.0,0.0
0.1,1.0,10,cnn_visual,1193.6744847192608,48805.97014925373,0.0,0.0,1.0,0.0
0.1,1.0,10,fixed_hedge_reference,1238.095238095238,60000.0,0.0,0.0,1.0,0.0
0.1,1.0,10,historical,1198.4126984126983,50000.0,0.0,0.0,1.0,0.0
0.1,1.0,10,tabular,1193.9706230751008,48880.59701492537,0.0,0.0,1.0,0.0
0.1,1.0,50,cnn_1d,5643.921991937893,143805.97014925373,3282.218604115102,0.04477611940298507,0.3582089552238806,0.0
0.1,1.0,50,cnn_visual,4381.675719026053,145000.0,2220.4579981068396,0.029850746268656716,0.31716417910447764,0.0
0.1,1.0,50,fixed_hedge_reference,5238.095238095239,60000.0,0.0,0.0,1.0,0.0
0.1,1.0,50,historical,3619.5207116223837,145000.0,544.1238862255589,0.014925373134328358,0.5,0.0
0.1,1.0,50,tabular,6000.726462033919,146940.2985074627,4652.704666250929,0.04477611940298507,0.15298507462686567,0.0
0.1,1.0,100,cnn_1d,5279.012372142906,149626.8656716418,4386.747505997443,0.04477611940298507,0.029850746268656716,0.0
0.1,1.0,100,cnn_visual,6312.97868020479,150000.0,5717.740584966696,0.05970149253731343,0.0,0.0
0.1,1.0,100,fixed_hedge_reference,10238.09523809524,60000.0,0.0,0.0,1.0,0.0
0.1,1.0,100,historical,6312.97868020479,150000.0,5717.740584966696,0.05970149253731343,0.0,0.0
0.1,1.0,100,tabular,6312.97868020479,150000.0,5717.740584966696,0.05970149253731343,0.0,0.0
0.1,2.0,10,cnn_1d,1216.1809997630892,54477.611940298506,0.0,0.0,1.0,0.0
0.1,2.0,10,cnn_visual,1217.6616915422885,54850.746268656716,0.0,0.0,1.0,0.0
0.1,2.0,10,fixed_hedge_reference,1238.095238095238,60000.0,0.0,0.0,1.0,0.0
0.1,2.0,10,historical,1218.2539682539682,55000.0,0.0,0.0,1.0,0.0
0.1,2.0,10,tabular,1216.773276474769,54626.86567164179,0.0,0.0,1.0,0.0
0.1,2.0,50,cnn_1d,4688.697902751994,140970.14925373133,544.1238862255589,0.014925373134328358,0.6082089552238806,0.0
0.1,2.0,50,cnn_visual,4760.659523221077,145000.0,544.1238862255589,0.014925373134328358,0.6194029850746269,0.0
0.1,2.0,50,fixed_hedge_reference,5238.095238095239,60000.0,0.0,0.0,1.0,0.0
0.1,2.0,50,historical,4325.396825396825,145000.0,0.0,0.0,0.75,0.0
0.1,2.0,50,tabular,4952.777405905525,145000.0,1041.302230552857,0.029850746268656716,0.458955223880597,0.0
0.1,2.0,100,cnn_1d,10714.52012696984,143134.32835820896,3282.218604115102,0.04477611940298507,0.3582089552238806,0.0
0.1,2.0,100,cnn_visual,8149.4566263961,144701.49253731343,2220.4579981068396,0.029850746268656716,0.31343283582089554,0.0
0.1,2.0,100,fixed_hedge_reference,10238.09523809524,60000.0,0.0,0.0,1.0,0.0
0.1,2.0,100,historical,6663.644597847942,145000.0,544.1238862255589,0.014925373134328358,0.5,0.0
0.1,2.0,100,tabular,13006.483723146743,147014.92537313432,5465.276924354702,0.04477611940298507,0.14925373134328357,0.0
