funding,penalty,hedge_bps,comparator,cnn_minus_comparator_cost_eur
0.01,0.25,10,historical,128.03875185091738
0.01,0.25,10,tabular,23.320641739328266
0.01,0.25,10,cnn_1d,-18.123667377398647
0.01,0.25,10,fixed_hedge_reference,-11.901610399847868
0.01,0.25,50,historical,0.0
0.01,0.25,50,tabular,0.0
0.01,0.25,50,cnn_1d,184.51596194361696
0.01,0.25,50,fixed_hedge_reference,-3534.8505680440403
0.01,0.25,100,historical,0.0
0.01,0.25,100,tabular,0.0
0.01,0.25,100,cnn_1d,0.0
0.01,0.25,100,fixed_hedge_reference,-8534.850568044041
0.01,1.0,10,historical,-166.133617626155
0.01,1.0,10,tabular,55.85169391139539
0.01,1.0,10,cnn_1d,-19.485903814262088
0.01,1.0,10,fixed_hedge_reference,-164.14949064202813
0.01,1.0,50,historical,762.1550074036695
0.01,1.0,50,tabular,-2406.0662610026607
0.01,1.0,50,cnn_1d,-1211.162406529466
0.01,1.0,50,fixed_hedge_reference,-1159.9909476406133
0.01,1.0,100,historical,0.0
0.01,1.0,100,tabular,0.0
0.01,1.0,100,cnn_1d,1032.6336854606052
0.01,1.0,100,fixed_hedge_reference,-4246.54512931902
0.01,2.0,10,historical,-78.8912579957356
0.01,2.0,10,tabular,128.19829424307045
0.01,2.0,10,cnn_1d,-9.624496564795095
0.01,2.0,10,fixed_hedge_reference,-74.92300402748174
0.01,2.0,50,historical,435.262697824252
0.01,2.0,50,tabular,-192.1178826844489
0.01,2.0,50,cnn_1d,75.57450841032914
0.01,2.0,50,fixed_hedge_reference,-781.0071434455904
0.01,2.0,100,historical,1486.8781266291799
0.01,2.0,100,tabular,-4848.7648366227095
0.01,2.0,100,cnn_1d,-2459.2828798677456
0.01,2.0,100,fixed_hedge_reference,-2391.1439421895448
0.05,0.25,10,historical,263.44603062640647
0.05,0.25,10,tabular,35.69922501343376
0.05,0.25,10,cnn_1d,-12.319355602937549
0.05,0.25,10,fixed_hedge_reference,144.45944148359217
0.05,0.25,50,historical,0.0
0.05,0.25,50,tabular,0.0
0.05,0.25,50,cnn_1d,184.63441728595285
0.05,0.25,50,fixed_hedge_reference,-3391.993425186898
0.05,0.25,100,historical,0.0
0.05,0.25,100,tabular,0.0
0.05,0.25,100,cnn_1d,0.0
0.05,0.25,100,fixed_hedge_reference,-8391.993425186896
0.05,1.0,10,historical,-0.29613835583973014
0.05,1.0,10,tabular,102.01966358682796
0.05,1.0,10,cnn_1d,25.290215588723186
0.05,1.0,10,fixed_hedge_reference,-10.216773276474669
0.05,1.0,50,historical,762.1550074036691
0.05,1.0,50,tabular,-2409.264555245732
0.05,1.0,50,cnn_1d,-1264.7634489364787
0.05,1.0,50,fixed_hedge_reference,-1025.070312719979
0.05,1.0,100,historical,0.0
0.05,1.0,100,tabular,0.0
0.05,1.0,100,cnn_1d,1033.2259621722842
0.05,1.0,100,fixed_hedge_reference,-4103.687986461875
0.05,2.0,10,historical,0.0
0.05,2.0,10,tabular,0.14806917791997876
0.05,2.0,10,cnn_1d,1.332622601279354
0.05,2.0,10,fixed_hedge_reference,0.0
0.05,2.0,50,historical,435.262697824252
0.05,2.0,50,tabular,-192.11788268444707
0.05,2.0,50,cnn_1d,63.817815683487424
0.05,2.0,50,fixed_hedge_reference,-646.0865085249543
0.05,2.0,100,historical,1486.4043052598363
0.05,2.0,100,tabular,-4852.436952235125
0.05,2.0,100,cnn_1d,-2531.1556588300764
0.05,2.0,100,fixed_hedge_reference,-2256.6971286382513
0.1,0.25,10,historical,57.68984880851349
0.1,0.25,10,tabular,-51.08752004730991
0.1,0.25,10,cnn_1d,-3.2325417062327233
0.1,0.25,10,fixed_hedge_reference,-26.413444250003295
0.1,0.25,50,historical,0.0
0.1,0.25,50,tabular,0.0
0.1,0.25,50,cnn_1d,184.78248646387283
0.1,0.25,50,fixed_hedge_reference,-3213.4219966154706
0.1,0.25,100,historical,0.0
0.1,0.25,100,tabular,0.0
0.1,0.25,100,cnn_1d,0.0
0.1,0.25,100,fixed_hedge_reference,-8213.42199661547
0.1,1.0,10,historical,-4.738213693437501
0.1,1.0,10,tabular,-0.2961383558399575
0.1,1.0,10,cnn_1d,1.1845534233596027
0.1,1.0,10,fixed_hedge_reference,-44.420753375977256
0.1,1.0,50,historical,762.1550074036695
0.1,1.0,50,tabular,-1619.050743007866
0.1,1.0,50,cnn_1d,-1262.2462729118397
0.1,1.0,50,fixed_hedge_reference,-856.4195190691862
0.1,1.0,100,historical,0.0
0.1,1.0,100,tabular,0.0
0.1,1.0,100,cnn_1d,1033.9663080618839
0.1,1.0,100,fixed_hedge_reference,-3925.11655789045
0.1,2.0,10,historical,-0.5922767116796877
0.1,2.0,10,tabular,0.8884150675194178
0.1,2.0,10,cnn_1d,1.4806917791993328
0.1,2.0,10,fixed_hedge_reference,-20.433546552949565
0.1,2.0,50,historical,435.2626978242515
0.1,2.0,50,tabular,-192.11788268444798
0.1,2.0,50,cnn_1d,71.96162046908285
0.1,2.0,50,fixed_hedge_reference,-477.43571487416284
0.1,2.0,100,historical,1485.8120285481573
0.1,2.0,100,tabular,-4857.027096750643
0.1,2.0,100,cnn_1d,-2565.0635005737395
0.1,2.0,100,fixed_hedge_reference,-2088.6386116991407
