size_bp,detector,recall
1,cnn_1d,0.24702380952380953
1,linear_log_tenor_residual,0.9910714285714286
1,3sigma_per_node,0.017857142857142856
2,cnn_1d,0.24702380952380953
2,linear_log_tenor_residual,0.9910714285714286
2,3sigma_per_node,0.017857142857142856
3,cnn_1d,0.24702380952380953
3,linear_log_tenor_residual,0.9910714285714286
3,3sigma_per_node,0.017857142857142856
4,cnn_1d,0.24702380952380953
4,linear_log_tenor_residual,0.9910714285714286
4,3sigma_per_node,0.017857142857142856
5,cnn_1d,0.24702380952380953
5,linear_log_tenor_residual,0.9895833333333334
5,3sigma_per_node,0.017857142857142856
8,cnn_1d,0.24702380952380953
8,linear_log_tenor_residual,0.9895833333333334
8,3sigma_per_node,0.017857142857142856
