episodes,episode_recall,false_alerts_per_year,reviews_per_year,year,model,threshold,validation_reviews_per_year_realized,target_validation_reviews_per_year
2,0.5,7.0,8.0,2014,solo_vol,0.45940132951400287,14.0,20
2,0.5,6.0,7.0,2014,fhs_ewma,2.122493863526989,14.0,20
2,0.5,8.0,9.0,2014,vol_regimen,0.1998519965280957,15.0,20
2,0.5,7.0,8.0,2014,vol_supervivencia,0.2100058285019477,14.0,20
2,0.5,7.0,8.0,2014,vol_regimen_supervivencia,0.19297330693303147,15.0,20
2,1.0,20.0796812749004,22.087649402390436,2015,solo_vol,0.3293380958531441,18.0,20
2,1.0,23.09163346613546,25.099601593625497,2015,fhs_ewma,1.2779300828951607,15.0,20
2,1.0,19.07569721115538,21.083665338645417,2015,vol_regimen,0.23161302247165808,16.0,20
2,1.0,19.07569721115538,21.083665338645417,2015,vol_supervivencia,0.22571797073963876,17.0,20
2,1.0,17.067729083665338,19.07569721115538,2015,vol_regimen_supervivencia,0.22003607773680556,16.0,20
0,,8.096385542168674,8.096385542168674,2016,solo_vol,0.38999929802869293,15.0597609561753,20
0,,6.072289156626506,6.072289156626506,2016,fhs_ewma,1.833445059137491,15.0597609561753,20
0,,9.108433734939759,9.108433734939759,2016,vol_regimen,0.2765381177469828,15.0597609561753,20
0,,7.08433734939759,7.08433734939759,2016,vol_supervivencia,0.26977212228062847,18.07171314741036,20
0,,9.108433734939759,9.108433734939759,2016,vol_regimen_supervivencia,0.26629262140231696,17.067729083665338,20
0,,2.0240963855421685,2.0240963855421685,2017,solo_vol,0.32978521072342376,15.180722891566266,20
0,,1.0120481927710843,1.0120481927710843,2017,fhs_ewma,1.4280424345054132,14.168674698795181,20
0,,2.0240963855421685,2.0240963855421685,2017,vol_regimen,0.24970286641529055,15.180722891566266,20
0,,6.072289156626506,6.072289156626506,2017,vol_supervivencia,0.24288631932030552,15.180722891566266,20
0,,9.108433734939759,9.108433734939759,2017,vol_regimen_supervivencia,0.24466877063661294,14.168674698795181,20
4,1.0,21.77777777777778,25.925925925925924,2018,solo_vol,0.29069649831828454,17.204819277108435,20
4,1.0,20.74074074074074,24.88888888888889,2018,fhs_ewma,1.0544722366587091,16.19277108433735,20
4,1.0,20.74074074074074,24.88888888888889,2018,vol_regimen,0.37196396074599275,17.204819277108435,20
4,1.0,21.77777777777778,25.925925925925924,2018,vol_supervivencia,0.3561436010789047,16.19277108433735,20
4,1.0,21.77777777777778,25.925925925925924,2018,vol_regimen_supervivencia,0.3565393516824897,16.19277108433735,20
2,0.0,8.064,8.064,2019,solo_vol,0.4403748269914286,16.59259259259259,20
2,1.0,18.144,20.16,2019,fhs_ewma,1.3777416033372918,14.518518518518519,20
2,0.0,7.056,7.056,2019,vol_regimen,0.40961891853997345,15.555555555555555,20
2,0.5,12.096,13.104,2019,vol_supervivencia,0.4058446660504306,16.59259259259259,20
2,0.0,9.072,9.072,2019,vol_regimen_supervivencia,0.40946386086326075,16.59259259259259,20
4,0.75,20.240963855421686,23.277108433734938,2020,solo_vol,0.379017440716268,15.12,20
4,0.5,20.240963855421686,22.265060240963855,2020,fhs_ewma,1.5668341963744212,15.12,20
4,0.5,20.240963855421686,22.265060240963855,2020,vol_regimen,0.3877139474671951,18.144,20
4,1.0,21.25301204819277,25.301204819277107,2020,vol_supervivencia,0.4028991975207087,17.136,20
4,1.0,20.240963855421686,24.289156626506024,2020,vol_regimen_supervivencia,0.40089558910903267,18.144,20
8,0.875,17.414634146341463,24.585365853658537,2021,solo_vol,0.8000180217459661,15.180722891566266,20
8,0.125,3.073170731707317,4.097560975609756,2021,fhs_ewma,4.01743619952559,14.168674698795181,20
8,0.625,13.317073170731708,18.439024390243905,2021,vol_regimen,0.5881487866231583,17.204819277108435,20
8,0.75,15.365853658536587,21.51219512195122,2021,vol_supervivencia,0.5953979977582922,15.180722891566266,20
8,0.625,13.317073170731708,18.439024390243905,2021,vol_regimen_supervivencia,0.5872130381732815,16.19277108433735,20
8,1.0,16.524590163934427,24.78688524590164,2022,solo_vol,0.8210785285054375,17.414634146341463,20
8,1.0,17.557377049180328,25.81967213114754,2022,fhs_ewma,1.7464959547221774,15.365853658536585,20
8,0.875,12.39344262295082,19.62295081967213,2022,vol_regimen,0.6236855595501747,15.365853658536585,20
8,1.0,14.459016393442623,22.721311475409838,2022,vol_supervivencia,0.6216035622921434,16.390243902439025,20
8,1.0,11.360655737704919,19.62295081967213,2022,vol_regimen_supervivencia,0.6250745507801314,16.390243902439025,20
7,0.0,0.0,0.0,2023,solo_vol,0.981878109266693,15.491803278688524,20
7,0.0,0.0,0.0,2023,fhs_ewma,3.687265901101462,15.491803278688524,20
7,0.0,0.0,0.0,2023,vol_regimen,0.6470958192807421,16.524590163934427,20
7,0.0,1.037037037037037,1.037037037037037,2023,vol_supervivencia,0.6901398869346553,16.524590163934427,20
7,0.0,1.037037037037037,1.037037037037037,2023,vol_regimen_supervivencia,0.6845348212769744,16.524590163934427,20
7,1.0,18.439024390243905,25.609756097560975,2024,solo_vol,0.5657575454447289,16.59259259259259,20
7,0.7142857142857143,16.390243902439025,21.51219512195122,2024,fhs_ewma,2.2038605175997614,15.555555555555555,20
7,1.0,17.414634146341463,24.585365853658537,2024,vol_regimen,0.5120884538665755,16.59259259259259,20
7,1.0,18.439024390243905,25.609756097560975,2024,vol_supervivencia,0.49662162864124293,16.59259259259259,20
7,1.0,16.390243902439025,23.5609756097561,2024,vol_regimen_supervivencia,0.516633984230049,15.555555555555555,20
6,0.8333333333333334,18.666666666666668,23.85185185185185,2025,solo_vol,0.7638500437781849,17.414634146341463,20
6,0.6666666666666666,14.518518518518519,18.666666666666668,2025,fhs_ewma,2.478023649519412,15.365853658536585,20
6,0.8333333333333334,16.59259259259259,21.77777777777778,2025,vol_regimen,0.6269850393910432,15.365853658536585,20
6,1.0,18.666666666666668,24.88888888888889,2025,vol_supervivencia,0.6197147492561585,16.390243902439025,20
6,1.0,17.62962962962963,23.85185185185185,2025,vol_regimen_supervivencia,0.6267380796425353,14.341463414634147,20
4,1.0,19.5,25.5,2026,solo_vol,0.9056232917275564,15.555555555555555,20
4,1.0,19.5,25.5,2026,fhs_ewma,2.822509460215944,15.555555555555555,20
4,1.0,19.5,25.5,2026,vol_regimen,0.7321041614711781,15.555555555555555,20
4,1.0,19.5,25.5,2026,vol_supervivencia,0.7484426701397218,14.518518518518519,20
4,1.0,19.5,25.5,2026,vol_regimen_supervivencia,0.7646572700257247,15.555555555555555,20
