year,model,cost_bps,cost_bps_per_turnover,mean_exposure,turnover_units,net_proxy_sharpe,net_cumulative_pnl_risk_units,net_max_drawdown_risk_units,oos_fwd10_q10_risk_units,oos_fwd10_es10_risk_units,daily_downside_deviation_risk_units
2014,solo_vol,2,2,0.8571428571428571,2.0,-1.7421313164983794,-9.696548771650104,13.708246394947292,-1.4503482196213855,-1.8922062188493967,0.2528952573888897
2014,solo_vol,5,5,0.8571428571428571,2.0,-1.742239560063611,-9.697148771650106,13.708696394947292,-1.4503482196213855,-1.8922542188493967,0.25289682288048976
2014,solo_vol,10,10,0.8571428571428571,2.0,-1.742419955014187,-9.698148771650105,13.709446394947289,-1.4503482196213855,-1.8923342188493963,0.25289943436527706
2014,fhs_ewma,2,2,0.876984126984127,2.0,-1.6381041950643576,-9.200990757869626,13.212688381166817,-1.4503482196213855,-1.8922062188493967,0.254075932239472
2014,fhs_ewma,5,5,0.876984126984127,2.0,-1.6382149907482906,-9.201590757869628,13.213138381166814,-1.4503482196213855,-1.8922542188493967,0.25407740313769805
2014,fhs_ewma,10,10,0.876984126984127,2.0,-1.63839964117521,-9.202590757869629,13.213888381166814,-1.4503482196213855,-1.8923342188493963,0.25407985617763257
2014,vol_regimen,2,2,0.8373015873015873,2.0,-1.7443958217846744,-9.597837778946372,13.609535402243562,-1.4503482196213855,-1.8922062188493967,0.25036743491264934
2014,vol_regimen,5,5,0.8373015873015873,2.0,-1.744505814633249,-9.598437778946373,13.609985402243563,-1.4503482196213855,-1.8922542188493967,0.25036892759801344
2014,vol_regimen,10,10,0.8373015873015873,2.0,-1.7446891249244774,-9.599437778946374,13.61073540224356,-1.4503482196213855,-1.8923342188493963,0.25037141697212445
2014,vol_supervivencia,2,2,0.8571428571428571,2.0,-1.7421313164983794,-9.696548771650104,13.708246394947292,-1.4503482196213855,-1.8922062188493967,0.2528952573888897
2014,vol_supervivencia,5,5,0.8571428571428571,2.0,-1.742239560063611,-9.697148771650106,13.708696394947292,-1.4503482196213855,-1.8922542188493967,0.25289682288048976
2014,vol_supervivencia,10,10,0.8571428571428571,2.0,-1.742419955014187,-9.698148771650105,13.709446394947289,-1.4503482196213855,-1.8923342188493963,0.25289943436527706
2014,vol_regimen_supervivencia,2,2,0.8571428571428571,2.0,-1.7421313164983794,-9.696548771650104,13.708246394947292,-1.4503482196213855,-1.8922062188493967,0.2528952573888897
2014,vol_regimen_supervivencia,5,5,0.8571428571428571,2.0,-1.742239560063611,-9.697148771650106,13.708696394947292,-1.4503482196213855,-1.8922542188493967,0.25289682288048976
2014,vol_regimen_supervivencia,10,10,0.8571428571428571,2.0,-1.742419955014187,-9.698148771650105,13.709446394947289,-1.4503482196213855,-1.8923342188493963,0.25289943436527706
2015,solo_vol,2,2,0.5617529880478087,2.0,-1.2130224024144691,-3.9021929483429307,6.22010261422628,-0.936676876423603,-1.1558095731610325,0.14760311609417093
2015,solo_vol,5,5,0.5617529880478087,2.0,-1.2132192456679298,-3.9027929483429307,6.22055261422628,-0.936676876423603,-1.1558095731610325,0.14760447691858342
2015,solo_vol,10,10,0.5617529880478087,2.0,-1.213547302320093,-3.9037929483429306,6.22130261422628,-0.936676876423603,-1.1558095731610325,0.14760674763049822
2015,fhs_ewma,2,2,0.5079681274900398,2.0,-1.3597883913917161,-3.987383892913318,5.788816409568197,-0.9005170834686831,-1.072351627484918,0.1373907710391687
2015,fhs_ewma,5,5,0.5079681274900398,2.0,-1.3599964485669371,-3.987983892913317,5.789116409568196,-0.9005170834686831,-1.0723636274849178,0.13739164667567946
2015,fhs_ewma,10,10,0.5079681274900398,2.0,-1.360343181749101,-3.9889838929133177,5.789616409568197,-0.9005170834686831,-1.072383627484918,0.13739310895721776
2015,vol_regimen,2,2,0.5816733067729084,3.0,-1.3837165077000377,-4.598084116501578,6.91599378238493,-1.0607297284319703,-1.301224107020037,0.1567012399139661
2015,vol_regimen,5,5,0.5816733067729084,3.0,-1.3839792455669848,-4.598984116501578,6.916743782384929,-1.0608797284319704,-1.3013081070200372,0.1567045689036749
2015,vol_regimen,10,10,0.5816733067729084,3.0,-1.384417098568826,-4.600484116501577,6.917993782384929,-1.0611297284319703,-1.301448107020037,0.15671012214733449
2015,vol_supervivencia,2,2,0.5816733067729084,2.0,-1.744509892883276,-5.767439292819916,8.085348958703268,-1.050289444639367,-1.4984679634583973,0.16036339975913466
2015,vol_supervivencia,5,5,0.5816733067729084,2.0,-1.7446660965934544,-5.768039292819916,8.085798958703268,-1.050439444639367,-1.4985399634583971,0.16036787551072004
2015,vol_supervivencia,10,10,0.5816733067729084,2.0,-1.7449263954464522,-5.769039292819916,8.086548958703268,-1.0506894446393669,-1.498659963458397,0.160375338545438
2015,vol_regimen_supervivencia,2,2,0.6215139442231076,5.0,-1.5028467844222992,-5.397337816721917,8.381156526455612,-1.2163544179492989,-1.4319964889804933,0.17249487791845503
2015,vol_regimen_supervivencia,5,5,0.6215139442231076,5.0,-1.5032469936120918,-5.398837816721916,8.382206526455612,-1.2163544179492989,-1.4321344889804934,0.17250031985822137
2015,vol_regimen_supervivencia,10,10,0.6215139442231076,5.0,-1.503913932753037,-5.4013378167219175,8.383956526455611,-1.2163544179492989,-1.4323644889804936,0.17250939745951022
2016,solo_vol,2,2,0.8393574297188755,5.0,1.0557657725152076,4.908410179819022,2.828578559131927,-0.8447525154563503,-1.111618265797587,0.20050008573556805
2016,solo_vol,5,5,0.8393574297188755,5.0,1.0554504116124954,4.906910179819022,2.828578559131927,-0.8448725154563503,-1.111668265797587,0.20050318860962535
2016,solo_vol,10,10,0.8393574297188755,5.0,1.054924777314726,4.904410179819021,2.828578559131927,-0.8450725154563504,-1.1117515991309204,0.20050836196262392
2016,fhs_ewma,2,2,0.8795180722891566,2.0,1.390331898706916,6.557246359466818,2.828578559131927,-0.7804727266437815,-1.1168966192432206,0.19622098602247118
2016,fhs_ewma,5,5,0.8795180722891566,2.0,1.3902013261646704,6.556646359466818,2.828578559131927,-0.7804727266437815,-1.1169028692432204,0.19622233380079124
2016,fhs_ewma,10,10,0.8795180722891566,2.0,1.3899836944797779,6.555646359466818,2.828578559131927,-0.7804727266437815,-1.1169132859098871,0.19622458212408683
2016,vol_regimen,2,2,0.821285140562249,6.0,0.9894589307698868,4.549309449103873,2.828578559131927,-0.8447525154563503,-1.1134680681189002,0.19980465317930626
2016,vol_regimen,5,5,0.821285140562249,6.0,0.9890775675971085,4.547509449103872,2.828578559131927,-0.8448725154563503,-1.1135493181189002,0.19980790303974308
2016,vol_regimen,10,10,0.821285140562249,6.0,0.9884419186860577,4.544509449103872,2.828578559131927,-0.8450725154563504,-1.1136847347855667,0.19981332237120591
2016,vol_supervivencia,2,2,0.8614457831325302,3.0,1.2561297139531953,5.904391810152451,2.828578559131927,-0.80182286136674,-1.1248734372334424,0.1983056336134045
2016,vol_supervivencia,5,5,0.8614457831325302,3.0,1.2559435931297305,5.903491810152452,2.828578559131927,-0.80182286136674,-1.1249171872334423,0.19830618557157131
2016,vol_supervivencia,10,10,0.8614457831325302,3.0,1.2556333717775043,5.901991810152452,2.828578559131927,-0.80182286136674,-1.1249901039001091,0.19830710752360944
2016,vol_regimen_supervivencia,2,2,0.8232931726907631,4.0,1.4209128597458647,6.511433019122617,2.828578559131927,-0.6181538932930981,-1.0121829404842664,0.1895625982327438
2016,vol_regimen_supervivencia,5,5,0.8232931726907631,4.0,1.4206544782906716,6.510233019122617,2.8285785591319277,-0.6181538932930981,-1.0121891904842661,0.1895639486678202
2016,vol_regimen_supervivencia,10,10,0.8232931726907631,4.0,1.4202238137619136,6.508233019122617,2.828578559131927,-0.6181538932930981,-1.012199607150933,0.1895662025494017
2017,solo_vol,2,2,0.9799196787148594,1.0,1.3769871870305015,5.701708984598998,3.4004691501432767,-1.144296979272485,-1.5745070468626041,0.17669649887195063
2017,solo_vol,5,5,0.9799196787148594,1.0,1.3769130882340206,5.701408984598999,3.4004691501432767,-1.144296979272485,-1.5745070468626041,0.17669736366434946
2017,solo_vol,10,10,0.9799196787148594,1.0,1.3767895827359198,5.700908984598998,3.4004691501432767,-1.144296979272485,-1.5745070468626041,0.176698806112024
2017,fhs_ewma,2,2,1.0,0.0,1.4533467794885457,6.111330742027689,3.4004691501432776,-1.144296979272485,-1.5745070468626041,0.17878137299186017
2017,fhs_ewma,5,5,1.0,0.0,1.4533467794885457,6.111330742027689,3.4004691501432776,-1.144296979272485,-1.5745070468626041,0.17878137299186017
2017,fhs_ewma,10,10,1.0,0.0,1.4533467794885457,6.111330742027689,3.4004691501432776,-1.144296979272485,-1.5745070468626041,0.17878137299186017
2017,vol_regimen,2,2,0.9799196787148594,1.0,1.3769871870305015,5.701708984598998,3.4004691501432767,-1.144296979272485,-1.5745070468626041,0.17669649887195063
2017,vol_regimen,5,5,0.9799196787148594,1.0,1.3769130882340206,5.701408984598999,3.4004691501432767,-1.144296979272485,-1.5745070468626041,0.17669736366434946
2017,vol_regimen,10,10,0.9799196787148594,1.0,1.3767895827359198,5.700908984598998,3.4004691501432767,-1.144296979272485,-1.5745070468626041,0.176698806112024
2017,vol_supervivencia,2,2,0.8795180722891566,5.0,1.4443258142660336,5.66076274732864,3.4004691501432767,-1.1265677445223041,-1.4551505498096169,0.16501155040075285
2017,vol_supervivencia,5,5,0.8795180722891566,5.0,1.443940823621837,5.65926274732864,3.4004691501432767,-1.1265677445223041,-1.4552130498096165,0.16501562350455917
2017,vol_supervivencia,10,10,0.8795180722891566,5.0,1.4432991305113958,5.65676274732864,3.4004691501432767,-1.1265677445223041,-1.4553172164762833,0.16502241665479217
2017,vol_regimen_supervivencia,2,2,0.8192771084337349,7.0,1.4305008290178025,5.3648351732951856,2.999086072374334,-0.9304184425403292,-1.3017275207805838,0.1574389372098504
2017,vol_regimen_supervivencia,5,5,0.8192771084337349,7.0,1.4299024500070658,5.362735173295185,2.9996860723743337,-0.9305684425403291,-1.301871270780584,0.15745004109596802
2017,vol_regimen_supervivencia,10,10,0.8192771084337349,7.0,1.4289051588371127,5.359235173295186,3.000686072374334,-0.9308184425403292,-1.3021108541139172,0.15746855730961395
2018,solo_vol,2,2,0.5020576131687243,1.0,-0.5227723274626801,-2.2103266872327114,4.885185855665547,-0.842048433471572,-1.181278641521986,0.18021758353863823
2018,solo_vol,5,5,0.5020576131687243,1.0,-0.5228443735442014,-2.2106266872327116,4.885185855665547,-0.842048433471572,-1.1812911415219862,0.18021758353863823
2018,solo_vol,10,10,0.5020576131687243,1.0,-0.5229644482112917,-2.2111266872327118,4.885185855665547,-0.842048433471572,-1.1813119748553194,0.18021758353863823
2018,fhs_ewma,2,2,0.522633744855967,3.0,-0.7179701917357086,-3.173261597308921,5.848120765741755,-0.9689373255347742,-1.4563585342847123,0.1973265357844426
2018,fhs_ewma,5,5,0.522633744855967,3.0,-0.7181727545691394,-3.1741615973089203,5.848720765741756,-0.9691773255347743,-1.4564835342847122,0.19732832079185206
2018,fhs_ewma,10,10,0.522633744855967,3.0,-0.718510347535987,-3.1756615973089213,5.849720765741755,-0.9695773255347743,-1.4566918676180458,0.19733129785375988
2018,vol_regimen,2,2,0.522633744855967,2.0,-0.6784488220444269,-2.9147834591873916,5.589642627620228,-1.059454532758632,-1.3570532170395255,0.18656262226449238
2018,vol_regimen,5,5,0.522633744855967,2.0,-0.6785894718367377,-2.9153834591873915,5.589942627620228,-1.059454532758632,-1.3571219670395258,0.18656298561634715
2018,vol_regimen,10,10,0.522633744855967,2.0,-0.6788238820703619,-2.916383459187392,5.590442627620228,-1.059454532758632,-1.3572365503728587,0.1865635923041009
2018,vol_supervivencia,2,2,0.5020576131687243,1.0,-0.5227723274626801,-2.2103266872327114,4.885185855665547,-0.842048433471572,-1.181278641521986,0.18021758353863823
2018,vol_supervivencia,5,5,0.5020576131687243,1.0,-0.5228443735442014,-2.2106266872327116,4.885185855665547,-0.842048433471572,-1.1812911415219862,0.18021758353863823
2018,vol_supervivencia,10,10,0.5020576131687243,1.0,-0.5229644482112917,-2.2111266872327118,4.885185855665547,-0.842048433471572,-1.1813119748553194,0.18021758353863823
2018,vol_regimen_supervivencia,2,2,0.5020576131687243,1.0,-0.5227723274626801,-2.2103266872327114,4.885185855665547,-0.842048433471572,-1.181278641521986,0.18021758353863823
2018,vol_regimen_supervivencia,5,5,0.5020576131687243,1.0,-0.5228443735442014,-2.2106266872327116,4.885185855665547,-0.842048433471572,-1.1812911415219862,0.18021758353863823
2018,vol_regimen_supervivencia,10,10,0.5020576131687243,1.0,-0.5229644482112917,-2.2111266872327118,4.885185855665547,-0.842048433471572,-1.1813119748553194,0.18021758353863823
2019,solo_vol,2,2,0.84,5.0,1.311118271830065,7.08302918273662,4.004398220985399,-1.0387487358536796,-1.4339681339262789,0.20133458032233836
2019,solo_vol,5,5,0.84,5.0,1.3108288179465866,7.08152918273662,4.004398220985399,-1.0387637358536796,-1.433993133926279,0.20134013293544936
2019,solo_vol,10,10,0.84,5.0,1.3103463851519537,7.079029182736621,4.004398220985399,-1.0387887358536796,-1.434034800592946,0.2013493939034457
2019,fhs_ewma,2,2,0.6,5.0,1.1252027924925778,4.253268507342141,3.400110307665719,-0.8051628439223864,-1.3081610883459438,0.15428054851833906
2019,fhs_ewma,5,5,0.6,5.0,1.124808924874284,4.251768507342142,3.400710307665719,-0.8054328439223862,-1.3083235883459439,0.1542852982775388
2019,fhs_ewma,10,10,0.6,5.0,1.1241524366425149,4.2492685073421415,3.401710307665719,-0.8058828439223862,-1.3085944216792769,0.15429321940287924
2019,vol_regimen,2,2,0.86,5.0,1.3361374887707975,7.356999140452871,4.004398220985399,-1.0387487358536796,-1.4339681339262789,0.2057216192462896
2019,vol_regimen,5,5,0.86,5.0,1.335854169878964,7.355499140452872,4.004398220985399,-1.0387637358536796,-1.433993133926279,0.20572672372893167
2019,vol_regimen,10,10,0.86,5.0,1.3353819611373927,7.352999140452871,4.004398220985399,-1.0387887358536796,-1.434034800592946,0.20573523772342675
2019,vol_supervivencia,2,2,0.74,5.0,1.0528023917410025,4.709203338763036,4.004398220985398,-0.8332925101945226,-1.416004848065569,0.18329583862305
2019,vol_supervivencia,5,5,0.74,5.0,1.0524727913140597,4.707703338763037,4.004398220985398,-0.8332925101945226,-1.416004848065569,0.18329799722078702
2019,vol_supervivencia,10,10,0.74,5.0,1.0519234242070792,4.705203338763035,4.004398220985398,-0.8332925101945226,-1.416004848065569,0.18330159919158484
2019,vol_regimen_supervivencia,2,2,0.82,5.0,1.1558326178413179,5.901322875169294,4.004398220985398,-0.9146589076005976,-1.4222541576652574,0.1957352536542081
2019,vol_regimen_supervivencia,5,5,0.82,5.0,1.1555299199521998,5.899822875169294,4.004398220985398,-0.9146589076005976,-1.4222666576652576,0.19573938037001812
2019,vol_regimen_supervivencia,10,10,0.82,5.0,1.1550254128108557,5.897322875169294,4.004398220985398,-0.9146589076005976,-1.4222874909985908,0.19574626518848595
2020,solo_vol,2,2,0.5542168674698795,2.0,0.18847455687211498,1.3025902241652885,12.586597275848632,-2.135989299691777,-3.219489250623731,0.3495093057673242
2020,solo_vol,5,5,0.5542168674698795,2.0,0.1883878393701181,1.301990224165288,12.587047275848633,-2.136109299691777,-3.2195205006237306,0.34950994783003897
2020,solo_vol,10,10,0.5542168674698795,2.0,0.18824330923079663,1.3009902241652895,12.587797275848633,-2.136309299691777,-3.219572583957065,0.34951101965552084
2020,fhs_ewma,2,2,0.5742971887550201,1.0,0.3005926476611777,2.095340072378273,11.793847427635644,-1.9650390600235883,-3.219789746715937,0.3503062499909908
2020,fhs_ewma,5,5,0.5742971887550201,1.0,0.3005493833552463,2.0950400723782727,11.793997427635645,-1.9650390600235883,-3.219808496715937,0.3503066451490215
2020,fhs_ewma,10,10,0.5742971887550201,1.0,0.3004772757157463,2.094540072378272,11.794247427635646,-1.9650390600235883,-3.219839746715937,0.3503073048911891
2020,vol_regimen,2,2,0.5602409638554217,2.0,0.211374161461584,1.5054725270745397,12.38371497293938,-1.9295056168074618,-3.4378563301614093,0.36262381211504113
2020,vol_regimen,5,5,0.5602409638554217,2.0,0.2112898273277153,1.5048725270745393,12.384164972939379,-1.9296556168074617,-3.437943830161409,0.3626248296045335
2020,vol_regimen,10,10,0.5602409638554217,2.0,0.21114926978827364,1.5038725270745399,12.384914972939379,-1.9299056168074618,-3.438089663494742,0.3626265270752497
2020,vol_supervivencia,2,2,0.5060240963855421,3.0,0.503881485350365,3.3613233292900917,9.819518480376937,-1.2667236784359102,-2.772277773758322,0.3342164763828204
2020,vol_supervivencia,5,5,0.5060240963855421,3.0,0.5037473271760278,3.3604233292900907,9.819818480376938,-1.2667236784359102,-2.772277773758322,0.3342174428998269
2020,vol_supervivencia,10,10,0.5060240963855421,3.0,0.5035237260388626,3.3589233292900906,9.820318480376937,-1.2667236784359102,-2.772277773758322,0.3342190555577328
2020,vol_regimen_supervivencia,2,2,0.5220883534136547,5.0,0.14013914395514915,0.9804156966465829,12.36539143059783,-1.693077237759253,-3.440154459449873,0.3592915027727179
2020,vol_regimen_supervivencia,5,5,0.5220883534136547,5.0,0.13992459196976073,0.9789156966465811,12.366591430597829,-1.6933472377592524,-3.4402919594498726,0.3592944560342086
2020,vol_regimen_supervivencia,10,10,0.5220883534136547,5.0,0.1395670049531005,0.9764156966465825,12.368591430597828,-1.693797237759253,-3.4405211261165394,0.3592993814359964
2021,solo_vol,2,2,0.5304878048780488,5.0,0.31457752814196555,3.854584386630005,11.791582378250988,-2.2333052898577317,-3.0703486773200495,0.599838502432286
2021,solo_vol,5,5,0.5304878048780488,5.0,0.3144550288110477,3.853084386630004,11.792182378250988,-2.233455289857732,-3.0704611773200496,0.5998409639364479
2021,solo_vol,10,10,0.5304878048780488,5.0,0.31425086241820455,3.8505843866300054,11.793182378250988,-2.2337052898577316,-3.0706486773200496,0.5998450677763015
2021,fhs_ewma,2,2,0.9186991869918699,2.0,0.9640482677195733,15.359666017156018,10.74336431729374,-2.8704306699490836,-4.667717088165499,0.7202889948301365
2021,fhs_ewma,5,5,0.9186991869918699,2.0,0.9640138101604409,15.359066017156016,10.74336431729374,-2.8704306699490836,-4.667723338165499,0.720289080201201
2021,fhs_ewma,10,10,0.9186991869918699,2.0,0.9639563796779214,15.358066017156016,10.74336431729374,-2.8704306699490836,-4.667733754832165,0.7202892230506481
2021,vol_regimen,2,2,0.6341463414634146,4.0,0.5848434264682062,7.520557882335103,10.743364317293743,-1.6890823635455545,-3.7022002349691534,0.6120230351156103
2021,vol_regimen,5,5,0.6341463414634146,4.0,0.5847487816356166,7.519357882335103,10.743364317293743,-1.6890823635455545,-3.7022814849691534,0.6120274224673632
2021,vol_regimen,10,10,0.6341463414634146,4.0,0.5845910398672661,7.517357882335102,10.743364317293743,-1.6890823635455545,-3.70241690163582,0.6120347366429486
2021,vol_supervivencia,2,2,0.573170731707317,5.0,0.40956152472630425,5.091330490083095,10.743364317293743,-1.658150879097829,-3.42603474877526,0.5989713533998557
2021,vol_supervivencia,5,5,0.573170731707317,5.0,0.40943878704671094,5.089830490083095,10.743364317293743,-1.658150879097829,-3.4261722487752597,0.5989775217227834
2021,vol_supervivencia,10,10,0.573170731707317,5.0,0.4092342257878923,5.0873304900830965,10.743364317293743,-1.658150879097829,-3.4264014154419264,0.5989878044951198
2021,vol_regimen_supervivencia,2,2,0.6341463414634146,4.0,0.4724649524244388,6.145519786573827,10.743364317293741,-1.7559894261748266,-3.7395254695169875,0.6251161330598418
2021,vol_regimen_supervivencia,5,5,0.6341463414634146,4.0,0.4723710020232927,6.144319786573826,10.743364317293741,-1.7559894261748266,-3.7396192195169875,0.6251217208067129
2021,vol_regimen_supervivencia,10,10,0.6341463414634146,4.0,0.4722144184744475,6.142319786573828,10.743364317293741,-1.7559894261748266,-3.739775469516987,0.6251310355579839
2022,solo_vol,2,2,0.5204918032786885,2.0,0.09045538686501917,0.8674632271484191,12.130195845073736,-2.2626511683916415,-3.229951735610228,0.44911428508320345
2022,solo_vol,5,5,0.5204918032786885,2.0,0.09039270509851063,0.8668632271484205,12.130195845073734,-2.2626511683916415,-3.229951735610228,0.4491153763330765
2022,solo_vol,10,10,0.5204918032786885,2.0,0.09028823565869071,0.8658632271484201,12.130195845073736,-2.2626511683916415,-3.229951735610228,0.4491171969020469
2022,fhs_ewma,2,2,0.5020491803278688,1.0,-0.150840769456869,-1.400559303456384,12.130195845073738,-2.2626511683916415,-3.229951735610228,0.44698611996802934
2022,fhs_ewma,5,5,0.5020491803278688,1.0,-0.1508731775959895,-1.4008593034563832,12.130195845073738,-2.2626511683916415,-3.229951735610228,0.4469861327083313
2022,fhs_ewma,10,10,0.5020491803278688,1.0,-0.15092719108610372,-1.401359303456383,12.130195845073738,-2.2626511683916415,-3.229951735610228,0.44698615440061096
2022,vol_regimen,2,2,0.6270491803278688,7.0,-0.3288165540722852,-3.9300530517851406,16.255468223494198,-2.723995282640507,-4.5623473419695975,0.5871258052059413
2022,vol_regimen,5,5,0.6270491803278688,7.0,-0.32899048744572,-3.9321530517851446,16.2565182234942,-2.7241452826405075,-4.562503591969597,0.58713199460898
2022,vol_regimen,10,10,0.6270491803278688,7.0,-0.329280370790211,-3.9356530517851382,16.2582682234942,-2.724395282640507,-4.562764008636265,0.5871423139748205
2022,vol_supervivencia,2,2,0.555327868852459,4.0,0.3045271305777274,3.220008649813333,13.141234102457926,-2.2626511683916415,-3.229951735610228,0.46913713293632575
2022,vol_supervivencia,5,5,0.555327868852459,4.0,0.304413419321814,3.218808649813333,13.141534102457927,-2.2626511683916415,-3.229951735610228,0.4691390543636049
2022,vol_supervivencia,10,10,0.555327868852459,4.0,0.3042238999093646,3.216808649813334,13.142034102457927,-2.2626511683916415,-3.229951735610228,0.4691422593456736
2022,vol_regimen_supervivencia,2,2,0.6127049180327869,6.0,0.1861712431190491,2.1740961174681237,15.32711712900508,-2.553433377984286,-4.386757764943135,0.5387290454573056
2022,vol_regimen_supervivencia,5,5,0.6127049180327869,6.0,0.18601640874848788,2.1722961174681252,15.327717129005082,-2.553433377984286,-4.3868827649431354,0.5387344589567099
2022,vol_regimen_supervivencia,10,10,0.6127049180327869,6.0,0.1857583532950801,2.169296117468127,15.328717129005083,-2.553433377984286,-4.387091098276469,0.5387434847581013
2023,solo_vol,2,2,1.0,0.0,0.16724176533390286,1.6311496569813766,7.496704456153655,-2.3911188812148483,-3.1797524580057,0.45831638724014867
2023,solo_vol,5,5,1.0,0.0,0.16724176533390286,1.6311496569813766,7.496704456153655,-2.3911188812148483,-3.1797524580057,0.45831638724014867
2023,solo_vol,10,10,1.0,0.0,0.16724176533390286,1.6311496569813766,7.496704456153655,-2.3911188812148483,-3.1797524580057,0.45831638724014867
2023,fhs_ewma,2,2,1.0,0.0,0.16724176533390286,1.6311496569813766,7.496704456153655,-2.3911188812148483,-3.1797524580057,0.45831638724014867
2023,fhs_ewma,5,5,1.0,0.0,0.16724176533390286,1.6311496569813766,7.496704456153655,-2.3911188812148483,-3.1797524580057,0.45831638724014867
2023,fhs_ewma,10,10,1.0,0.0,0.16724176533390286,1.6311496569813766,7.496704456153655,-2.3911188812148483,-3.1797524580057,0.45831638724014867
2023,vol_regimen,2,2,1.0,0.0,0.16724176533390286,1.6311496569813766,7.496704456153655,-2.3911188812148483,-3.1797524580057,0.45831638724014867
2023,vol_regimen,5,5,1.0,0.0,0.16724176533390286,1.6311496569813766,7.496704456153655,-2.3911188812148483,-3.1797524580057,0.45831638724014867
2023,vol_regimen,10,10,1.0,0.0,0.16724176533390286,1.6311496569813766,7.496704456153655,-2.3911188812148483,-3.1797524580057,0.45831638724014867
2023,vol_supervivencia,2,2,0.9794238683127572,1.0,0.015297892745993628,0.1464720289617203,7.496704456153655,-2.3911188812148483,-3.1797524580057,0.4543299938605086
2023,vol_supervivencia,5,5,0.9794238683127572,1.0,0.01526655854465458,0.146172028961721,7.496704456153655,-2.3911188812148483,-3.1797524580057,0.45433068175998176
2023,vol_supervivencia,10,10,0.9794238683127572,1.0,0.015214334873285088,0.14567202896172038,7.496704456153655,-2.3911188812148483,-3.1797524580057,0.45433182870967703
2023,vol_regimen_supervivencia,2,2,0.9794238683127572,1.0,0.015297892745993628,0.1464720289617203,7.496704456153655,-2.3911188812148483,-3.1797524580057,0.4543299938605086
2023,vol_regimen_supervivencia,5,5,0.9794238683127572,1.0,0.01526655854465458,0.146172028961721,7.496704456153655,-2.3911188812148483,-3.1797524580057,0.45433068175998176
2023,vol_regimen_supervivencia,10,10,0.9794238683127572,1.0,0.015214334873285088,0.14567202896172038,7.496704456153655,-2.3911188812148483,-3.1797524580057,0.45433182870967703
2024,solo_vol,2,2,0.5040650406504065,2.0,0.8020246054773659,5.170858759167908,3.973952279402713,-1.2957653701756744,-1.7934831411917995,0.2932241611749979
2024,solo_vol,5,5,0.5040650406504065,2.0,0.8019374049430333,5.170258759167909,3.973952279402713,-1.2957653701756744,-1.7934831411917995,0.29322468965761794
2024,solo_vol,10,10,0.5040650406504065,2.0,0.8017920642611978,5.169258759167909,3.973952279402713,-1.2957653701756744,-1.7934831411917995,0.2932255711530275
2024,fhs_ewma,2,2,0.5752032520325203,4.0,1.2642051883932317,9.42818296174979,5.014930041458187,-1.3151310739008106,-1.9380539747264336,0.3237153567569708
2024,fhs_ewma,5,5,0.5752032520325203,4.0,1.2640441589253086,9.42698296174979,5.015080041458185,-1.3151310739008106,-1.9380852247264337,0.32371750561653745
2024,fhs_ewma,10,10,0.5752032520325203,4.0,1.2637757679300523,9.424982961749791,5.015330041458186,-1.3151310739008106,-1.9381373080597672,0.3237210889010353
2024,vol_regimen,2,2,0.524390243902439,3.0,0.8819034715279694,5.7882906950937105,3.9739522794027113,-1.2957653701756744,-1.7934831411917995,0.29605896678923005
2024,vol_regimen,5,5,0.524390243902439,3.0,0.8817723014710929,5.78739069509371,3.9739522794027113,-1.2957653701756744,-1.7934831411917995,0.29605949021156486
2024,vol_regimen,10,10,0.524390243902439,3.0,0.8815536749915905,5.785890695093711,3.9739522794027113,-1.2957653701756744,-1.7934831411917995,0.29606036326658874
2024,vol_supervivencia,2,2,0.5040650406504065,2.0,0.761584733963202,4.842878737285904,3.9739522794027122,-1.2957653701756744,-1.7934831411917995,0.29322418874390904
2024,vol_supervivencia,5,5,0.5040650406504065,2.0,0.7614918656672892,4.842278737285903,3.9739522794027122,-1.2957653701756744,-1.7934831411917995,0.2932247588397022
2024,vol_supervivencia,10,10,0.5040650406504065,2.0,0.7613370807436166,4.841278737285904,3.9739522794027122,-1.2957653701756744,-1.7934831411917995,0.29322571038321255
2024,vol_regimen_supervivencia,2,2,0.540650406504065,2.0,1.0302360075330033,6.7655060491215995,3.973952279402713,-1.2957653701756744,-1.7934831411917995,0.29507984979905566
2024,vol_regimen_supervivencia,5,5,0.540650406504065,2.0,1.0301460824421194,6.764906049121598,3.973952279402713,-1.2957653701756744,-1.7934831411917995,0.2950803749581773
2024,vol_regimen_supervivencia,10,10,0.540650406504065,2.0,1.0299962021298275,6.763906049121599,3.973952279402713,-1.2957653701756744,-1.7934831411917995,0.29508125091010323
2025,solo_vol,2,2,0.5473251028806584,3.0,2.3288704903705466,23.27705334519834,6.191956742728674,-1.265600697315728,-2.6541216995367565,0.4483456973551274
2025,solo_vol,5,5,0.5473251028806584,3.0,2.3287646684469996,23.27615334519834,6.192106742728674,-1.265600697315728,-2.654177949536756,0.448352960506875
2025,solo_vol,10,10,0.5473251028806584,3.0,2.328588295394711,23.274653345198338,6.192356742728675,-1.265600697315728,-2.6542716995367566,0.44836506687507127
2025,fhs_ewma,2,2,0.6419753086419753,3.0,2.5438572869154235,27.98951800390262,6.191956742728674,-1.7149999369690563,-2.7722934144117546,0.4842931012452397
2025,fhs_ewma,5,5,0.6419753086419753,3.0,2.5437554955278814,27.98861800390263,6.192106742728674,-1.7151199369690564,-2.772355914411755,0.48430083046433114
2025,fhs_ewma,10,10,0.6419753086419753,3.0,2.5435858411680647,27.987118003902623,6.192356742728675,-1.7153199369690564,-2.7724600810784223,0.48431371434629233
2025,vol_regimen,2,2,0.5823045267489712,4.0,2.172520473125968,22.872251406677726,6.191956742728674,-1.8937553666019735,-2.8142897796174395,0.47575438647414386
2025,vol_regimen,5,5,0.5823045267489712,4.0,2.172400023906945,22.87105140667773,6.192106742728674,-1.8937553666019735,-2.814371029617439,0.47576064615314406
2025,vol_regimen,10,10,0.5823045267489712,4.0,2.172199269504598,22.86905140667773,6.192356742728675,-1.8937553666019735,-2.8145064462841063,0.47577108006589885
2025,vol_supervivencia,2,2,0.5267489711934157,2.0,2.2188223220887675,22.008434693406045,6.191956742728674,-1.3299303638198343,-2.8167262223275102,0.4472215514079973
2025,vol_supervivencia,5,5,0.5267489711934157,2.0,2.218744698643838,22.007834693406046,6.192106742728674,-1.3299303638198343,-2.816838722327509,0.44722883281626624
2025,vol_supervivencia,10,10,0.5267489711934157,2.0,2.2186153248987477,22.00683469340604,6.192356742728675,-1.3299303638198343,-2.8170262223275095,0.44724096961348203
2025,vol_regimen_supervivencia,2,2,0.5288065843621399,2.0,2.476801894051624,23.664395801326535,4.639764204889888,-1.2075283112979291,-2.287995525656301,0.4128465623958001
2025,vol_regimen_supervivencia,5,5,0.5288065843621399,2.0,2.4767238852592093,23.663795801326533,4.639764204889888,-1.2075283112979291,-2.287995525656301,0.41285175141532643
2025,vol_regimen_supervivencia,10,10,0.5288065843621399,2.0,2.476593867774843,23.66279580132653,4.639764204889888,-1.2075283112979291,-2.287995525656301,0.4128604016297943
2026,solo_vol,2,2,0.5029761904761905,1.0,0.5063461688741301,7.642513750531407,19.028020362803865,-4.698156554308813,-6.532193395066863,1.113652498230071
2026,solo_vol,5,5,0.5029761904761905,1.0,0.5063267055997677,7.642213750531408,19.028020362803865,-4.698156554308813,-6.532193395066863,1.113652498230071
2026,solo_vol,10,10,0.5029761904761905,1.0,0.5062942665920966,7.641713750531406,19.028020362803865,-4.698156554308813,-6.532193395066863,1.113652498230071
2026,fhs_ewma,2,2,0.5029761904761905,1.0,0.5063461688741301,7.642513750531407,19.028020362803865,-4.698156554308813,-6.532193395066863,1.113652498230071
2026,fhs_ewma,5,5,0.5029761904761905,1.0,0.5063267055997677,7.642213750531408,19.028020362803865,-4.698156554308813,-6.532193395066863,1.113652498230071
2026,fhs_ewma,10,10,0.5029761904761905,1.0,0.5062942665920966,7.641713750531406,19.028020362803865,-4.698156554308813,-6.532193395066863,1.113652498230071
2026,vol_regimen,2,2,0.5029761904761905,1.0,0.5063461688741301,7.642513750531407,19.028020362803865,-4.698156554308813,-6.532193395066863,1.113652498230071
2026,vol_regimen,5,5,0.5029761904761905,1.0,0.5063267055997677,7.642213750531408,19.028020362803865,-4.698156554308813,-6.532193395066863,1.113652498230071
2026,vol_regimen,10,10,0.5029761904761905,1.0,0.5062942665920966,7.641713750531406,19.028020362803865,-4.698156554308813,-6.532193395066863,1.113652498230071
2026,vol_supervivencia,2,2,0.5029761904761905,1.0,0.5063461688741301,7.642513750531407,19.028020362803865,-4.698156554308813,-6.532193395066863,1.113652498230071
2026,vol_supervivencia,5,5,0.5029761904761905,1.0,0.5063267055997677,7.642213750531408,19.028020362803865,-4.698156554308813,-6.532193395066863,1.113652498230071
2026,vol_supervivencia,10,10,0.5029761904761905,1.0,0.5062942665920966,7.641713750531406,19.028020362803865,-4.698156554308813,-6.532193395066863,1.113652498230071
2026,vol_regimen_supervivencia,2,2,0.5029761904761905,1.0,0.5063461688741301,7.642513750531407,19.028020362803865,-4.698156554308813,-6.532193395066863,1.113652498230071
2026,vol_regimen_supervivencia,5,5,0.5029761904761905,1.0,0.5063267055997677,7.642213750531408,19.028020362803865,-4.698156554308813,-6.532193395066863,1.113652498230071
2026,vol_regimen_supervivencia,10,10,0.5029761904761905,1.0,0.5062942665920966,7.641713750531406,19.028020362803865,-4.698156554308813,-6.532193395066863,1.113652498230071
