detector,family,recall,threshold,validation_fpr,test_clean_fpr
cnn_1d_supervisada,decoupling,0.9765625,0.428307443857193,0.049586776859504134,0.15625
cnn_1d_supervisada,stale,1.0,0.428307443857193,0.049586776859504134,0.15625
cnn_1d_supervisada,reversible_jump,0.9921875,0.428307443857193,0.049586776859504134,0.15625
cross_asset_1_minus_r2,decoupling,0.9921875,0.4899869792960456,0.049586776859504134,0.1015625
cross_asset_1_minus_r2,stale,1.0,0.4899869792960456,0.049586776859504134,0.1015625
cross_asset_1_minus_r2,reversible_jump,0.8125,0.4899869792960456,0.049586776859504134,0.1015625
3sigma_vol_normalizada,decoupling,0.0859375,7.694526195526123,0.049586776859504134,0.0859375
3sigma_vol_normalizada,stale,0.0859375,7.694526195526123,0.049586776859504134,0.0859375
3sigma_vol_normalizada,reversible_jump,0.8984375,7.694526195526123,0.049586776859504134,0.0859375
